ELMIdentifier,count,Probability,Regex
MOD_N-GLC_1,102,0.00501781699892,.(N)[^P][ST]..
DOC_WW_Pin1_4,88,0.015433212802,...([ST])P.
LIG_EH_1,80,5.86028045872e-05,.NPF.
LIG_14-3-3_CanoR_1,58,0.0044766733275,"R[^DE]{0,2}[^DEPG]([ST])(([FWYLMV].)|([^PRIKGN]P)|([^PRIKGN].{2,4}[VILMFWYP]))"
LIG_AP2alpha_2,50,0.000119206092212,DP[FW]
LIG_LIR_Gen_1,44,0.00363117934943,"[EDST].{0,2}[WFY][^RKPGWFY][^PG][ILVFM]((.{0,4}[PLAFIVMY])|($)|(.{0,3}[ED]))"
MOD_SUMO_for_1,42,0.00191400066329,[VILMAFP](K).E
MOD_CDC14_SPxK_1,41,0.00122698876081,(S)P.[KR]
MOD_PIKK_1,41,0.009230107736,...([ST])Q..
LIG_SH3_CIN85_PxpxPR_1,37,9.56222155299e-05,P.[AP].PR
MOD_Plk_1,36,0.00767434171147,.[DNE][^PG][ST](([FYILMVW]..)|([^PEDGKN][FWYLIVM]).)
CLV_C14_Caspase3-7,36,0.00309374033071,[DSTE][^P][^DEWHFYC]D[GSAN]
DOC_PP2B_LxvP_1,34,0.000312910365743,L.VP
MOD_ProDKin_1,33,0.015433212802,...([ST])P..
MOD_NMyristoyl,32,2.50192821739e-05,"^M{0,1}(G)[^EDRKHPFYW]..[STAGCN][^P]"
LIG_PDZ_Class_1,31,7.25453204794e-05,...[ST].[ACVILF]$
LIG_SH2_GRB2like,30,0.000317477658293,(Y)([EDST]|[MLIVAFYHQW])N.
LIG_CtBP_PxDLS_1,29,0.000117291361476,(P[LVIPME][DENS][LM][VASTRG])|(G[LVIPME][DENS][LM][VASTRG]((K)|(.[KR])))
TRG_ER_FFAT_1,27,1.03393631344e-05,"[EDS].{0,4}[ED][FY][FYKREM][DE][AC].{1,2}[EDST]"
LIG_SUMO_SIM_par_1,27,0.00454520100697,"[DEST]{0,5}.[VILPTM][VIL][DESTVILMA][VIL].{0,1}[DEST]{1,10}"
DOC_CYCLIN_RxL_1,27,0.00187928212696,"(.|([KRH].{0,3}))[^EDWNSG][^D][RK][^D]L.{0,1}[FL].{0,3}[EDST]"
MOD_CK1_1,26,0.017040740254,S..([ST])...
MOD_PKA_2,26,0.00945752740437,.R.([ST])[^P]..
MOD_CDK_SPxK_1,26,0.00192871947029,...([ST])P.[KR]
MOD_CK2_1,26,0.014568074326,...([ST])..E
DOC_MAPK_JIP1_4,26,0.00012928702866,[RK]P[^P][^P]L.[LIVMF]
LIG_TRAF6_MATH_1,25,0.00140657408294,..P[^P]E[^P].[FYWHDE].
LIG_SH2_CRK,24,0.00151526049843,(Y)[^EPILVFYW][^HDEW][PLIV][^DEW]
MOD_CDK_SPxxK_3,24,0.00192871947029,...([ST])P..[RK]
MOD_PKA_1,23,0.0023150946744,[RK][RK].([ST])[^P]..
DOC_MAPK_MEF2A_6,22,0.00258381963098,"[RK].{2,4}[LIVMP].[LIV].[LIVMF]"
MOD_GSK3_1,22,0.026786559556,...([ST])...[ST]
LIG_NRBOX,22,0.000262764536293,[^P]L[^P][^P]LL[^P]
MOD_CMANNOS,21,4.69225e-05,(W)..W
DOC_PP2B_PxIxIT_1,21,0.00112902769496,P[^P][ILVF][^P][ILVF][TSHDEQNKR]
LIG_PAM2_1,21,9.95389535837e-06,..[LFP][NS][PIVTAFL].A..(([FY].[PYLF])|(W..)).
LIG_WRPW_1,20,1.33321386458e-07,"[WFY]RP[WFY].{0,7}$"
MOD_SUMO_rev_2,20,0.0128026464686,"[SDE].{0,5}[DE].(K).{0,1}[AIFLMPSTV]"
LIG_PDZ_Wminus1_1,20,3.71755259392e-06,.W[ACGILV]$
LIG_RuBisCO_WRxxL_1,20,2.32215803244e-05,[ILVATSRK][^EDN].[NDS]W[RK][^P][^P][LIVAPS]
MOD_PKB_1,19,0.000603409163454,R.R..([ST])[^P]..
MOD_LATS_1,19,0.000477646201427,H.[KR]..([ST])[^P]
LIG_RB_LxCxE_1,18,0.00054172450805,"([DEST]|^).{0,4}[LI].C.E.{1,4}[FLMIVAWPHY].{0,8}([DEST]|$)"
DOC_CYCLIN_yCln2_LP_2,18,0.000106992047519,(L[MLIV]PP)|(((L[LMIV]PA)|(L..P))[ILMVAFYW].[MLIVFHPAY])
TRG_ER_diArg_1,18,0.00536927336293,"([LIVMFYWPR]R[^YFWDE]{0,1}R)|(R[^YFWDE]{0,1}R[LIVMFYWPR])"
LIG_ARS2_EDGEI_1,18,9.15406741603e-06,"E[ED]G[EQ][ILVM].{0,2}[DE]"
LIG_PCNA_PIPBox_1,18,8.6625618785e-05,[QM].[^FHWY][LIVM][^P][^PFWYMLIV](([FYHL][FYW])|([FYH][FYWL]))..
LIG_Pex14_1,18,0.000222625,W...[FY]
TRG_NLS_MonoExtN_4,18,0.00127638752297,"(([PKR].{0,1}[^DE])|([PKR]))((K[RK])|(RK))(([^DE][KR])|([KR][^DE]))[^DE]"
TRG_DiLeu_LyEn_5,17,0.000102932492709,[E]..[RP]L[LI]
LIG_CaM_IQ_9,17,6.36805761296e-05,"[ACLIVTM][^P][^P][ILVMFCT]Q[^P][^P][^P][RK][^P]{4,5}[RKQ][^P][^P]"
LIG_BH_BH3_1,17,2.17453412638e-06,....[LIFVYMTE][ASGC][^P]{2}L[^P]{2}[IVMTL][GACS][D][^P][FVLMI].
TRG_DiLeu_BaEn_1,17,0.000970028007703,E..[^P]L[LIVM]
MOD_CDK_SPK_2,17,0.00192871947029,...([ST])P[RK]
LIG_WRC_WIRS_1,17,0.000580242559544,[FYILMV].[TS]F(G|[^P]).
LIG_KLC1_WD_1,17,0.000353762782379,"[LMTAFSRI][^KRG]W[DE].{3,5}[LIVMFPA]"
DOC_MAPK_NFAT4_5,16,0.000163458005629,[RK][^P][^P][LIM].L.[LIVMF].
DEG_APCC_KENBOX_2,16,0.000184312021952,.KEN.
LIG_PTB_Phospho_1,16,0.000135240509448,(.[^P].NP.(Y))|(.[ILVMFY].N..(Y))
LIG_SH3_2,16,0.00111124155225,P..P.[KR]
DEG_APCC_TPR_1,16,1.36072888014e-05,.[ILM]R$
LIG_HOMEOBOX,16,9.95281406031e-07,[FY][DEP]WM
MOD_DYRK1A_RPxSP_1,16,0.000313191967685,R[PSVA].([ST])P
MOD_PRMT_GGRGG_1,16,1.9085540269e-06,GGRGG
DOC_PP1_RVXF_1,16,0.000830144384932,"..[RK].{0,1}[VIL][^P][FW]."
DEG_SCF_TRCP1_1,16,0.000126395307444,"D(S)G.{2,3}([ST])"
DOC_PP2A_B56_1,16,0.0014581403142,([LMFYWIC]..I.E)|(L..[IVLWC].E).
TRG_Pf-PMV_PEXEL_1,16,0.0021605090893,(R.[LI].[EDQ])|(R.L..[EDQ])|(K.L.E)
LIG_PTB_Apo_2,16,0.000310820773429,(.[^P].NP.[FY].)|(.[ILVMFY].N..[FY].)
DOC_ANK_TNKS_1,16,0.000353788636176,.R..[PGAV][DEIP]G.
LIG_SH2_NCK_1,15,0.000333856494689,([^KR][^KR](Y)[DE][^GWFY][AI][SDENQTAGYFP])|([^KR][^KR](Y)[STNA][^GWFY][PV][SDENQTAGYFP])|(..Y[DE][^GWFY][PV][SDENQTAGYFP])
LIG_EVH1_1,15,0.000123675426279,([FYWL]P.PP)|([FYWL]PP[ALIVTFY]P)
TRG_DiLeu_BaLyEn_6,15,0.0010534671303,[^E]..[RP]L[LI]
LIG_HCF-1_HBM_1,15,5.073861324e-05,[DE]H.Y
DOC_PP4_FxxP_1,14,0.001731198623,F..P
LIG_SUMO_SIM_anti_2,14,0.00234949254565,"[DEST]{1,10}.{0,1}[VIL][DESTVILMA][VIL][VILM].[DEST]{0,5}"
DOC_PP1_SILK_1,13,3.77750556097e-05,.[GS]IL[KR][^DE]
MOD_CAAXbox,13,2.44596097506e-06,(C)[^DENQ][LIVMF].$
TRG_NES_CRM1_1,13,0.000762613786385,"([DEQ].{0,1}[LIM].{2,3}[LIVMF][^P]{2,3}[LMVF].[LMIV].{0,3}[DE])|([DE].{0,1}[LIM].{2,3}[LIVMF][^P]{2,3}[LMVF].[LMIV].{0,3}[DEQ])"
TRG_NLS_MonoExtC_3,13,0.000725182108254,[^DE]((K[RK])|(RK))(([^DE][KR])|([KR][^DE]))(([PKR])|([^DE][DE]))
LIG_SH2_STAP1,13,0.0010263206699,(Y)[DESTA][^GP][^GP][ILVFMWYA]
DOC_MAPK_FxFP_2,13,5.62639552475e-05,F.[FY]P
LIG_WW_1,13,0.000125740700239,PP.Y
LIG_VCP_SHPBox_1,13,9.12748936466e-06,.((F.)|(W))G.G[^P].L.
MOD_AAK1BIKe_LxxQxTG_1,12,3.09003789907e-05,[LIVM][^D][^DEHYWF]Q.(T)G
DOC_CYCLIN_yClb1_LxF_4,12,2.14906406261e-05,(P.[KR]L.F)|(.N[KR]L.F)|(.N.L.F[LMIVFY])
LIG_eIF4E_1,12,0.000189127545301,Y....L[VILMF]
LIG_TRAF2like_MATH_shPxQ_1,12,0.00043188393472,P[LIVTFYHQE]Q[DET]
LIG_PROFILIN_1,12,4.88078336316e-07,PPP[PA]P((P[LGP])|([LG]P))
LIG_KEPE_2,12,3.46557038832e-05,"[VILMFT]K.EP.{2,3}[DE]"
DOC_MAPK_gen_1,12,0.00432380001106,"[KR]{0,2}[KR].{0,2}[KR].{2,4}[ILVM].[ILVF]"
LIG_SH3_3,12,0.013172913712,...[PV]..P
LIG_ActinCP_CPI_1,12,0.000725059408816,"L.(([H].[TQVG])|([SC].N)|(D.R))..R[PAVT][KRHM][^DEN].{1,5}((R.)|(.[RK]))..[PAS][^P]"
MOD_TYR_CSK,11,2.92617843803e-07,[TAD][EA].Q(Y)[QE].[GQA][PEDLS]
DEG_COP1_1,11,0.000390631489431,"[STDE]{1,3}.{0,2}[TSDE].{2,3}VP[STDE]G{0,1}[FLIMVYPA]"
DOC_SPAK_OSR1_1,11,7.67825867606e-05,RF[^P][IV].
LIG_SH3_PxxxRxxKP_6,11,2.83559500129e-07,P.[VIF][DNH]R[^P][^P]KP
LIG_PDZ_Class_2,11,7.88851572129e-05,...[VLIFY].[ACVILF]$
LIG_PCNA_yPIPBox_3,11,0.000557539777334,"([KR].{0,6}[QN].[^FHWY][LIVM][^P][^PFWYMLIV][FYLMWV][FYLMWVI])|([QN].[^FHWY][LIVM][^P][^PFWYMLIV][FYLMWV][FYLMWVI].{0,6}[KR])"
LIG_Actin_WH2_2,11,0.000660304959775,"[^R]..((.[ILMVF])|([ILMVF].))[^P][^P][ILVM].{4,7}L(([KR].)|(NK))[VATIGS]"
LIG_PTAP_UEV_1,11,0.000108060811736,.P[TS]AP.
DEG_APCC_DBOX_1,11,0.000767697345968,.R..L..[LIVM].
LIG_DLG_GKlike_1,10,9.78069710258e-05,(R..(S)[YFLM][^P][^P][L])|(R..(S)[YFLM][^P][^P][ASG][LMVIQT])
LIG_MSH2_SHIPbox_1,10,0.000135146946453,"[LIVMFWYTA].{2,3}[LI][^P]{2,3}[FY].[FYW]"
LIG_LSD1_SNAG_1,10,8.86190825438e-11,"^M{0,1}PR.FLV[KR]K{0,1}."
LIG_EH1_1,10,7.85797550811e-05,.[FYH].[IVM][^WFYP][^WFYP][ILM][ILMV].
DOC_MAPK_DCC_7,10,0.000451251620381,"[RK].{2,4}[LIVP]P.[LIV].[LIVMF]|[RK].{2,4}[LIVP].P[LIV].[LIVMF]"
LIG_TYR_ITSM,10,6.09445094958e-05,..T.(Y)..[IV]
LIG_Actin_RPEL_3,10,6.11604604996e-06,[IL]..[^P][^P][^P][^P]R.....[IL]..[^P][^P][ILV][ILM]
DEG_Kelch_Keap1_1,10,5.95038132581e-05,[DNS].[DES][TNS]GE
LIG_AP2alpha_1,10,1.69021908235e-05,F.D.F
LIG_EF_ALG2_ABM_1,9,1.3639310454e-06,"P[PG]{0,1}YP.{1,6}Y[QS]{0,1}P"
LIG_LEDGF_IBM_1,9,5.33113742113e-07,"[LFVIM].{2,3}[LIVCYFM][FW].{3,35}[EDST].{0,1}[EDST].{0,1}F[^G]GF"
LIG_Clathr_ClatBox_1,9,0.000340550653717,L[IVLMF].[IVLMF][DE]
LIG_Arc_Nlobe_1,9,0.00438518431171,"[^P][P]G{0,1}[^P][YFH][^P]"
LIG_REV1ctd_RIR_1,9,0.00053501842574,"..FF[^P]{0,2}[KR]{1,2}[^P]{0,4}"
LIG_TPR,9,3.22676097674e-08,EEVD$
LIG_Integrin_RGD_1,9,0.000236617461606,RGD
TRG_ENDOCYTIC_2,9,0.002587491898,Y..[LMVIF]
DEG_SIAH_1,9,2.71481907027e-05,.P.A.V.P[^P]
DOC_AGCK_PIF_1,9,3.84269210321e-06,F..[FWY][ST][FY]
DOC_MAPK_HePTP_8,9,0.000106572941056,"([LIV][^P][^P][RK]....[LIVMP].[LIV].[LIVMF])|([LIV][^P][^P][RK][RK]G.{4,7}[LIVMP].[LIV].[LIVMF])"
LIG_HP1_1,9,3.37814005621e-05,P[MVLIRWY]V[MVLIAS][LM]
TRG_ER_diLys_1,9,2.6774732737e-05,"K.{0,1}K.{2,3}$"
TRG_Golgi_diPhe_1,9,6.80087093985e-08,"Q.{6,6}FF.{6,7}$"
LIG_MTR4_AIM_1,8,0.000155401745805,[FYW][^P][VILTM]D.(([^P][GPAS])|G)
TRG_NLS_MonoCore_2,8,0.000234485230256,[^DE]((K[RK])|(RK))[KRP][KR][^DE]
TRG_NLS_Bipartite_1,8,0.000258796644373,"[KR][KR].{7,15}[^DE]((K[RK])|(RK))(([^DE][KR])|([KR][^DE]))[^DE]"
LIG_CSK_EPIYA_1,8,2.46761307667e-06,EP[IL]Y[TAG]
TRG_ER_KDEL_1,8,1.6136621632e-06,[KRHQSAP][DENQT]EL$
LIG_ANK_PxLPxL_1,8,2.67020539666e-05,"P.LP.[IL].{1,3}[VLF]"
LIG_SH2_SRC,8,0.000872937102303,(Y)[QDEVAIL][DENPYHI][IPVGAHS]
LIG_SxIP_EBH_1,8,0.000209645817163,"([KR][^ED]{0,5}[ST].IP[^ED]{5,5})|([^ED]{5,5}[ST].IP[^ED]{0,5}[KR])"
LIG_Vh1_VBS_1,8,1.87903256756e-06,[VMILF][MILVFYHPA][^P][TASKHCV][AVSC][^P][^P][ILVMT][^P][^P][^P][LMTVI][^P][^P][LMVCT][ILVMCA][^P][^P][AIVLMTC]
LIG_CSL_BTD_1,8,0.000127842591812,[AFILMPTVW]W[FHILMPSTVW]P
LIG_FZD_DVL_PDZ,8,8.74268845331e-09,"W.{0,1}[VIL].[ST].KA{0,1}T...W"
DOC_CKS1_1,8,0.00199146382298,[MPVLIFWYQ].(T)P..
DEG_SPOP_SBC_1,8,0.000937962911545,[AVP].[ST][ST][ST]
DEG_Nend_UBRbox_4,8,1.76792442755e-05,"^M{0,1}(C)."
LIG_WD40_WDR5_WIN_1,7,6.43703011459e-06,[SCA]AR[STCA][EQR][PGILVM][HYFQNKRLVI]
DEG_ODPH_VHL_1,7,7.03776543919e-05,"[IL]A(P).{6,8}[FLIVM].[FLIVM]"
DEG_Kelch_KLHL12_1,7,2.22870975482e-06,[PGA]PG[AG]PP
MOD_TYR_DYR,7,5.20709297784e-11,..[RKTC][IVL]Y[TQHS](Y)[IL]QSR
MOD_Plk_4,7,0.00601927214984,..[^IRFW]([ST])[ILMVFWY][ILMVFWY].
LIG_TYR_ITAM,7,2.42512863715e-06,"[DEN]..(Y)..[LI].{6,12}(Y)..[LI]"
LIG_TYR_ITIM,7,0.000299240952879,[ILV].(Y)..[ILV]
LIG_AP_GAE_1,7,5.27945465976e-06,[DE][DES][DEGAS]F[SGAD][DEAP][LVIMFD]
LIG_APCC_ABBA_1,7,0.000384251253736,[ILVMF].[ILMVP][FHY].[DE]
LIG_SH2_STAT5,7,0.003295871152,(Y)[VLTFIC]..
LIG_SH3_PxRPPK_7,7,5.44700472249e-07,[PAVL]P[PEQA][RL]PPK[^DE]
LIG_VCP_VIM_2,7,3.3053227057e-05,"[RKQ][^P]{1,3}[AG][^P]AA[^P]{1,2}R[^P]"
DOC_USP7_MATH_1,7,0.0123884986881,[PA][^P][^FYWIL]S[^P]
LIG_CNOT1_NIM_1,7,5.4374923451e-08,[FY][^P].[WFY][^P]DY..L
LIG_Integrin_isoDGR_2,7,0.00015972516188,NGR
LIG_IRFs_LxIS_1,7,0.00017948744481,"[VILPFYM].{1,3}L.I(S)"
LIG_CaMK_CASK_1,7,1.11776693962e-05,"[STED].{0,2}[IV]W[IVLM].[RHK]"
DOC_PP1_MyPhoNE_1,7,4.40519655262e-07,R[^P][DEQ]Q[VIL]([RK][^P]|[^P][RK])[YW]
DEG_SCF_FBW7_1,6,0.00071383259477,"[LIVMP].{0,2}(T)P..([ST])"
LIG_RB_pABgroove_1,6,5.08192326567e-05,"..[LIMVA].[DE][LMF][FYM][IL]{0,1}([DE]|(S))."
LIG_SH3_PxxPPRxxK_8,6,4.90698966032e-07,[PAVLI]P.[LVI]PP[RK][^P][^P][KR]
DOC_MAPK_RevD_3,6,0.000180483045057,"[LIVMPFA].[LIV].{1,2}[LIVMP].{4,6}[LIV]..[RK][RK]"
LIG_Actin_WH2_1,6,2.20904816494e-06,"R..[ILVMF][ILMVF][^P][^P][ILVM].{4,7}L(([KR].)|(NK))[VATI]"
LIG_GSK3_LRP6_1,6,3.72917026919e-05,"(([CP]PP)|(PP[TP]))[ST]P[^P][TS]{0,1}"
LIG_LIR_Nem_3,6,0.00636210223003,"[EDST].{0,2}[WFY]..[ILVFY]"
LIG_FHA_1,6,0.008662242543,..(T)..[ILV].
LIG_EVH1_2,6,0.000163246836553,PP..F
LIG_MLH1_MIPbox_1,6,6.21244234325e-05,.S.[FY][F]
LIG_NRP_CendR_1,6,4.27913964794e-05,"[RK].{0,2}R$"
LIG_Dynein_DLC8_1,6,2.26342256988e-05,[^P].[KR].TQT
LIG_LYPXL_S_1,6,4.46453005616e-05,[ILVMF]YP.[ILVMF]
DEG_CRL4_CDT2_1,6,1.6237468954e-07,"[NQ]{0,1}..[ILMV][ST][DEN][FY][FY].{2,3}[KR]{2,3}[^DE]"
MOD_GlcNHglycan,6,0.017919062972,"[ED]{0,3}.(S)[GA]."
TRG_ER_FFAT_2,6,3.81957554975e-05,"[EDS].{0,4}[EDSQN][FY][FYMITH]([ST])[ACP].{1,2}[EDST]"
TRG_LysEnd_GGAAcLL_1,6,9.58549884391e-07,"D..LL.{1,2}$"
DEG_Cend_DCAF12_1,6,1.41734492326e-05,..EE$
LIG_EABR_CEP55_1,6,1.38098008762e-06,".A.GPP.{2,3}Y."
CLV_Separin_Metazoa,5,0.000341044179754,E[IMPVL][MLVP]R.
LIG_BRCT_BRCA1_1,5,0.001911520721,.(S)..F
DOC_AGCK_PIF_3,5,6.02956853309e-07,F..F$
DOC_GSK3_Axin_1,5,7.237770534029999e-16,V[ED]P[^P][RK]FA[^P]ELI[^P]RLE[^P][VIL]
DOC_CYCLIN_yClb5_NLxxxL_5,5,0.000100896190264,"([ILVMF]...NL...L)|([KR].{0,2}NL...L)"
DOC_AGCK_PIF_2,5,3.26727205222e-06,F..[FWY][DE][FY]
DEG_MDM2_SWIB_1,5,2.12465805842e-05,"F[^P]{3}W[^P]{2,3}[VIL]"
DEG_SCF_COI1_1,5,3.62558053796e-11,..[RK][RK].SL..F[FLM].[RK]R[HRK].[RK].
DEG_SCF_TIR1_1,5,1.33629581466e-09,.[VLIA][VLI]GWPP[VLI]...R.
DOC_CDC14_PxL_1,5,0.000244555826326,[FYLIM]..[YVILA]P.L..
LIG_CtBP_RRT_2,5,1.45138549449e-06,[RG]RT[GSAT].PP..
LIG_KEPE_1,5,1.73278519416e-05,[VILMFT]K.EP.[DE]
LIG_MAD2,5,0.000101063469513,[KR][IV][LV].....P
LIG_Nrd1CID_NIM_1,5,4.22402817744e-05,"[ED].{0,3}[DN][DEGPA]Y.[PL].."
LIG_FHA_2,5,0.008286441426,..(T)..[DE].
LIG_GLEBS_BUB3_1,5,9.06911046768e-07,[EN][FYLW][NSQ].EE[ILMVF][^P][LIVMFA]
LIG_deltaCOP1_diTrp_1,5,0.000501108205565,"[DE]{1,3}.{0,2}W.{1,6}[WF]"
LIG_Rrp6Rrp47_Mtr4_1,5,4.76129511272e-08,"[ED]LF[^P][VC]F.{0,1}[ED]"
MOD_LOK_YxT_1,5,3.98815256447e-06,[KR][YF][^IVEDPGAC](T)[LMIVWFY][RKH]
DOC_WD40_RPTOR_TOS_1,5,2.07474503577e-05,"F[EDQS][MILV][ED][MILV]((.{0,1}[ED])|($))"
LIG_SUFU_1,5,5.52192297662e-08,[SV][CY]GH[LIF][LAST][GAIV].
LIG_14-3-3_CterR_2,5,6.4150324778e-05,"R[^DE]{0,2}[^DEPG]([ST])[^P]{0,1}$"
MOD_SPalmitoyl_4,4,3.26094067204e-08,"^M{0,1}G(C)..S[AKS]"
TRG_PTS1,4,1.51919053984e-05,(.[SAPTC][KRH][LMFI]$)|([KRH][SAPTC][NTS][LMFI]$)
DOC_MIT_MIM_1,4,1.03482772941e-05,"((F[^P][^P])|([DE].{0,2}))L[^P][^P]R[FL][^P][^P]L[KR]{0,2}"
LIG_WD40_WDR5_WIN_2,4,2.75521053323e-05,[STCA][CSAGV]R[STCAV][EQR][PGALV][LFYHRK]
DOC_CYCLIN_yClb3_PxF_3,4,3.57949706041e-05,(PP..P.F)|(P..P.F..[KR])
LIG_ActinCP_TwfCPI_2,4,2.94895465762e-05,"F.[KR]P..[PAS].{0,3}[RK]"
TRG_LysEnd_GGAAcLL_2,4,2.54795784867e-09,S[LW]LD[DE]EL[LM]
LIG_KEPE_3,4,1.73278519416e-05,[VILMFT]K.EP....[DE]
LIG_IBAR_NPY_1,4,4.51387471903e-05,NPY
LIG_Menin_MBM1_1,4,6.77235572175e-06,"...[RK][^DE]{0,2}FP[GA][^DE]P"
LIG_eIF4E_2,4,1.32065727024e-06,Y.PP.[ILMV]R
LIG_CORNRBOX,4,1.02717778686e-06,"L[^P]{2,2}[HI]I[^P]{2,2}[IAV][IL]"
CLV_PCSK_PC1ET2_1,4,0.00390276834,KR.
TRG_AP2beta_CARGO_1,4,1.81693308253e-05,"[DE].{1,2}F[^P][^P][FL][^P][^P][^P]R"
TRG_DiLeu_BaEn_4,4,0.000473146721831,EE...L[^LIVMF]
DOC_PIKK_1,4,3.1285695373e-05,"[DEN][DEN].{2,3}[ILMVA][DEN][DEN]L"
DEG_Kelch_KLHL3_1,4,5.476943165e-10,E.EE.E[AV]DQH
MOD_N-GLC_2,4,0.000297299203491,(N)[^P]C
LIG_SH3_1,4,0.00123698225249,[RKY]..P..P
LIG_ULM_U2AF65_1,4,1.52756899464e-05,"[KR]{1,4}[KR].[KR]W."
LIG_BIR_III_3,4,2.28175527215e-05,"^M{0,1}A.[AP]."
LIG_PAM2_2,4,9.77274730646e-14,((WPP)|([FL][PV][APQ]))EF.PG.PWKG.
LIG_Sin3_1,4,1.75871282322e-08,[LIV]..[LM]L.AA.[FY][LI]
LIG_RPA_C_Vert,4,1.20963676014e-08,[KRS]I[^P][^P][NK][KR][^P][^P]A[^P][^P][RKL][RKL][^P][^P][RK]
LIG_WH1,3,8.90031803225e-11,ES[RK][FY].F[HR][PST][IVLM][DES][DE]
LIG_WD40_WDR5_VDV_1,3,0.000293885498821,"[ED].{0,3}[VIL]D[VI]"
DEG_SCF_SKP2-CKS1_1,3,4.77974163124e-05,..[DE].(T)P.K
TRG_DiLeu_BaEn_2,3,0.000245067003584,[^E]E...F[LIVM]
LIG_MYND_2,3,1.75333616771e-05,PP.LI
LIG_CAP-Gly_1,3,3.96302779853e-06,"[ED].{0,2}[ED].{0,2}[EDQ].{0,1}[YF]$"
LIG_CaM_NSCaTE_8,3,1.55723335683e-05,W[^P][^P][^P][IL][^P][AGS][AT]
CLV_PCSK_FUR_1,3,0.000508722921034,R.[RK]R.
TRG_Oom_RxLR_1,3,0.000582804370822,((R)|(K.)).LR
CLV_Separin_Fungi,3,4.04544864497e-06,S[IVLMH]E[IVPFMLYAQR]GR.
LIG_GYF,3,1.68555681301e-08,"[QHR].{0,1}P[PL]PP[GS]H[RH]"
LIG_FXI_DFP_1,3,2.19691899426e-05,[FYWHIL].DF[PD]
LIG_OCRL_FandH_1,3,9.77240676559e-06,.F[^P][^P][KRIL]H[^P][^P][YLMFH][^P]...
LIG_MYND_1,3,0.000649937416208,P.L.P
DOC_CYCLIN_D_Helix_1,3,6.56363867534e-06,[FLV][^P][^P][KR]L[^P][^P][LMIV][^P][^P][^P]R
TRG_DiLeu_BaEn_3,3,8.41071192962e-05,EE...[FIM][LIVM]
MOD_Plk_2-3,3,0.00217500226715,[DE]..([ST])[EDILMVFWY](([DE].)|(.[DE]))
DEG_SCF_FBXO31_1,3,6.44752974663e-08,D[LVIM].[DAEN][VILM][^P][ILF]$
LIG_TRAF2like_MATH_loPxQ_2,3,0.00207137575696,[PM][LIVTFYHQE][QS].(([DE].)|(.[DE]))
LIG_APCC_Cbox_2,3,5.75117035917e-06,DR[YFH][ILFVM][PA]..
LIG_RRM_PRI_1,3,8.39114380548e-05,.[ILVM]LG..P.
LIG_TRFH_1,3,0.000224004645183,[FY].L.P
DOC_USP7_UBL2_3,3,0.0037417689,K...K
LIG_Sin3_2,3,1.93664158271e-08,[FHYM].A[AV].[VAC]L[MV].[MI]
LIG_VCP_VBM_3,3,3.39471668943e-06,[ILMV]R[^PG]{2}R[^PG]{3}[FL][ED]
LIG_Trf4_IWRxY_1,3,8.99032599644e-07,[IVL]WR.Y
LIG_SH3_PxxDY_5,3,6.68687115699e-05,P..DY
LIG_Mtr4_Trf4_1,3,1.44135983372e-07,"[LFVAIMW].{3,5}[DE][FY][IL][SAPGK][FL].{3,6}[DE]{3}"
LIG_FERM_MyoX_1,3,2.01237689862e-12,L...M[^P][^P]L[^P][^P]LM[^P][QD]L[^P][^P]I[TA]
LIG_EVH1_3,3,1.85499091195e-07,[FY].[FW].....[LMVIF]P.P[DE]
CLV_PCSK_SKI1_1,2,0.00682052736444,[RK].[AILMFV][LTKF].
LIG_Mtr4_Air2_1,2,9.05938089572e-08,GRYFG
LIG_MYND_3,2,8.4443906863e-05,[LMV]P.LE
DEG_Cend_TRIM7_1,2,7.5683184273e-06,[^P][^P][FL]Q$
TRG_NESrev_CRM1_2,2,0.000118918371513,[FLIM].[VLIMF]..[FLIMVY][^P][^P][^P][LVIM][^P][^P][LVIMA]
CLV_MEL_PAP_1,2,0.000105375572148,[ILV]..R[VF][GS].
TRG_Cilium_RVxP_2,2,0.00027313569227,RV.P.
DEG_SCF_FBW7_2,2,0.000388223290684,"[LIVMP].{0,2}(T)P..E"
MOD_OGLYCOS,2,9.23214582482e-07,C.(S).PC
MOD_NEK2_1,2,0.000271468456776,[FLM][^PVIED][^PVID]([ST])[MLIVF][RKH].
LIG_WD40_WDR5_WIN_3,2,2.02566091701e-06,[SCA][AFWHSV][KR][TAS][DEQR][GP][RKYFWIVAM]..[IVM]
LIG_WW_2,2,6.12871485362e-05,PPLP
MOD_SPalmitoyl_2,2,3.05230357884e-10,G(C)M[GS][CL][KP]C
MOD_OFUCOSY,2,4.61694301554e-05,"C.{3,5}([ST])C"
DOC_PP4_MxPP_1,2,0.000170280348602,M.PP
DOC_PUB_PIM_1,2,6.54121611647e-05,.D[LM]Y.
LIG_Sin3_3,2,2.19697908462e-05,[FA].[LA][LV][LVI]..[AM]
LIG_NBox_RRM_1,2,2.14199246297e-06,F..A[ILV]..A..[ILV]
LIG_LRP6_Inhibitor_1,2,2.6299699204e-05,"([VILA]..N.I[RK])|([VILA].PN.IG.{0,6}[RK])"
LIG_LYPXL_yS_3,2,0.000219511843778,YP.[ILVM]
LIG_Integrin_RGD_TGFB_3,2,1.41969866046e-06,RGDL[^P][^P][LI]
LIG_KLC1_Yacidic_2,2,2.04486796104e-05,"[ED].{0,1}[IYVLMTF]Y[LIV][DE]"
LIG_GBD_Chelix_1,2,9.79156183118e-05,[ILV][VA][^P][^P][LI][^P][^P][^P][LM]
LIG_FAT_LD_1,2,6.90047874551e-06,[LV][DE][^P][LM][LM][^P][^P]L[^P]
LIG_EF_ALG2_ABM_2,2,2.41458395946e-05,"P.P.{0,1}GF"
DEG_Cend_FEM1B_2,2,8.34253950984e-06,.L.R$
LIG_DCNL_PONY_1,2,4.86917300286e-07,^M[MIL].[MIL]
LIG_Clathr_ClatBox_2,2,1.46283056858e-06,.[NP]W[DES].W
CLV_TASPASE1,2,4.79125116289e-06,Q[MLVI]DG..[DE]
LIG_APCC_Cbox_1,2,1.46502719708e-06,[DE]R[YFH][ILFVM][PAG].R
LIG_SH3_4,2,0.000678138027809,KP..[QK]...
LIG_ARL_BART_1,2,1.291508196e-09,^..LL[^P]IL[^P][^P][LM]
LIG_PCNA_TLS_4,2,8.18769621047e-06,"[KR]..[ILM](([DE][^P][FY][FLI])|([G][^P][FY][FLI].{0,1}[KR]))"
LIG_BIR_III_2,2,0.000351121026816,DA.P.
LIG_Pex14_2,2,0.000462812031,F...[WF]
LIG_PCNA_APIM_2,2,2.22411935838e-06,[MLIV].[KR][FY][MLIVF][LIV][KR]
LIG_TRAF3_MATH_PxP_3,2,0.00045952223389,P[ILVT]P(([ED][^P].)|(.[^P][ED]))
LIG_UBA3_1,2,0.00119615886678,"[ILM][ILMF].{1,2}[ILM].{0,4}K"
MOD_ASX_betaOH_EGF,2,2.48922694489e-09,"C.([DN]).{4,4}[FY].C.C"
LIG_WRPW_2,2,1.82473612356e-05,[WFY][KR]P[WFY]
LIG_BIR_III_4,2,0.0002753762637,DA.G.
LIG_BRCT_BRCA1_2,1,0.000116927722504,.(S)..F.K
LIG_CAP-Gly_2,1,2.16114905546e-12,.W[RK][DE]GCY$
LIG_PALB2_WD40_1,1,9.19211355095e-06,....WF..L
LIG_IRF7_LxLS_2,1,0.00048631337078,"[VILPFYM].{1,3}L.L(S)"
LIG_LIR_LC3C_4,1,0.00013686106252,"[EDST].{0,2}LVV"
CLV_NRD_NRD_1,1,0.00746473248158,(.RK)|(RR[^KR])
CLV_PCSK_PC7_1,1,0.000508722921034,R...[KR]R.
CLV_PCSK_KEX2_1,1,0.007973463544,[KR]R.
LIG_BRCT_MDC1_1,1,2.63389405903e-06,.(S)..Y$
LIG_LYPXL_SIV_4,1,1.54867101608e-05,[PA]Y..[AV][^P]{3}L
LIG_Integrin_KxxGD_FGGC_5,1,4.85578146649e-08,K.[AV]GD.$
LIG_Pex14_3,1,5.00205191734e-07,LV.EF[LM]
LIG_Pex3_1,1,5.24025198162e-07,L..LL...L..F
LIG_UFM1_UFIM_1,1,7.65084312239e-09,"[ND].WGI.[LIV][VMLI].{0,1}[ED]"
LIG_TRAF4_MATH_1,1,0.000269481663781,RL[^P].R
LIG_SPRY_1,1,7.11177466083e-07,[ED][LIV]NNN[^P]
LIG_14-3-3_ChREBP_3,1,2.06353217068e-15,IR[^P][^P]N[^P][^P]WR[^P]W[YFH][ITML][^P]Y[IVL]
LIG_APCC_ABBAyCdc20_2,1,0.000166859219279,[KR]..[ILVM][FHY].[DE]
LIG_PDZ_Class_3,1,6.16820946762e-05,...[DE].[ACVILF]$
LIG_RPA_C_Fungi,1,5.63720331125e-05,[^P][MIALVF][^P][^P][NSHRA]R[^P][^P][ASV][^P][^P][RKLIA][RQLIVA]
LIG_SH2_STAT3,1,0.000797495836,(Y)..Q
DOC_CYCLIN_RevRxL_6,1,0.00195756202577,"[EDST].{0,3}[FL].[ILV][^D][RK][^PD][^EDWNG]((.{0,3}[KRH])|.)"
LIG_WW_3,1,0.000567322548383,.PPR.
LIG_WD40_WDR5_VDV_2,1,0.0467786304429,"[EDSTY].{0,4}[VIPLA][TSDEKR][ILVA]"
MOD_PK_1,1,0.000941753592931,[RK]..(S)[VI]..
DEG_Kelch_Keap1_2,1,3.48038934981e-08,QD.DLGV
DEG_Kelch_actinfilin_1,1,2.14841238984e-06,[AP]P[MV][IM]V
MOD_WntLipid,1,2.51818848539e-13,[ETA](C)[QERK]..F...RWNC[ST]
TRG_Cilium_Arf4_1,1,4.31897466925e-07,QV.P.$
