,reference_index,Organism,Primary_Acc,Accessions,UniprotID,regex,hit_sequence,gene_id,hit start position,hit end position,verified interaction,ELM_motif_class,name,critical_error,json_file,folder,odb_seq,flanked_hit
275,2330,Homo sapiens,,,Q7Z5R6,[FL]PPPP,LPPPP,9606_0:00294e,127,131,True,enah_LPPPP_FPPPP,AB1IP_HUMAN,,/home/jch/Documents/08-benchmark/benchmark/benchmark_v4/MSA_comparison/conservation_analysis/2330-9606_0_00294e/2330-9606_0_00294e.json,ena_motif_alignments/2330_AB1IP_HUMAN_9606_0:00294e,MGESSEDIDQMFSTLLGEMDLLTQSLGVDTLPPPDPNPPRAEFNYSVGFKDLNESLNALEDQDLDALMADLVADISEAEQRTIQAQKESLQNQHHSASLQASIFSGAASLGYGTNVAATGISQYEDDLPPPPADPVLDLPLPPPPPEPLSQEEEEAQAKADKIKLALEKLKEAKVKKLVVKVHMNDNSTKSLMVDERQLARDVLDNLFEKTHCDCNVDWCLYEIYPELQIERFFEDHENVVEVLSDWTRDTENKILFLEKEEKYAVFKNPQNFYLDNRGKKESKETNEKMNAKNKESLLEESFCGTSIIVPELEGALYLKEDGKKSWKRRYFLLRASGIYYVPKGKTKTSRDLACFIQFENVNIYYGTQHKMKYKAPTDYCFVLKHPQIQKESQYIKYLCCDDTRTLNQWVMGIRIAKYGKTLYDNYQRAVAKAGLASRWTNLGTVNAAAPAQPSTGPKTGTTQPNGQIPQATHSVSAVLQEAQRHAETSKDKKPALGNHHDPAVPRAPHAPKSSLPPPPPVRRSSDTSGSPATPLKAKGTGGGGLPAPPDDFLPPPPPPPPLDDPELPPPPPDFMEPPPDFVPPPPPSYAGIAGSELPPPPPPPPAPAPAPVPDSARPPPAVAKRPPVPPKRQENPGHPGGAGGGEQDFMSDLMKALQKKRGNVS,QYEDDLPPPPADPVL
276,2331,Homo sapiens,,,Q7Z5R6,[FL]PPPP,LPPPP,9606_0:00294e,140,144,True,enah_LPPPP_FPPPP,AB1IP_HUMAN,,/home/jch/Documents/08-benchmark/benchmark/benchmark_v4/MSA_comparison/conservation_analysis/2331-9606_0_00294e/2331-9606_0_00294e.json,ena_motif_alignments/2331_AB1IP_HUMAN_9606_0:00294e,MGESSEDIDQMFSTLLGEMDLLTQSLGVDTLPPPDPNPPRAEFNYSVGFKDLNESLNALEDQDLDALMADLVADISEAEQRTIQAQKESLQNQHHSASLQASIFSGAASLGYGTNVAATGISQYEDDLPPPPADPVLDLPLPPPPPEPLSQEEEEAQAKADKIKLALEKLKEAKVKKLVVKVHMNDNSTKSLMVDERQLARDVLDNLFEKTHCDCNVDWCLYEIYPELQIERFFEDHENVVEVLSDWTRDTENKILFLEKEEKYAVFKNPQNFYLDNRGKKESKETNEKMNAKNKESLLEESFCGTSIIVPELEGALYLKEDGKKSWKRRYFLLRASGIYYVPKGKTKTSRDLACFIQFENVNIYYGTQHKMKYKAPTDYCFVLKHPQIQKESQYIKYLCCDDTRTLNQWVMGIRIAKYGKTLYDNYQRAVAKAGLASRWTNLGTVNAAAPAQPSTGPKTGTTQPNGQIPQATHSVSAVLQEAQRHAETSKDKKPALGNHHDPAVPRAPHAPKSSLPPPPPVRRSSDTSGSPATPLKAKGTGGGGLPAPPDDFLPPPPPPPPLDDPELPPPPPDFMEPPPDFVPPPPPSYAGIAGSELPPPPPPPPAPAPAPVPDSARPPPAVAKRPPVPPKRQENPGHPGGAGGGEQDFMSDLMKALQKKRGNVS,VLDLPLPPPPPEPLS
277,2332,Homo sapiens,,,Q7Z5R6,[FL]PPPP,LPPPP,9606_0:00294e,515,519,True,enah_LPPPP_FPPPP,AB1IP_HUMAN,,/home/jch/Documents/08-benchmark/benchmark/benchmark_v4/MSA_comparison/conservation_analysis/2332-9606_0_00294e/2332-9606_0_00294e.json,ena_motif_alignments/2332_AB1IP_HUMAN_9606_0:00294e,MGESSEDIDQMFSTLLGEMDLLTQSLGVDTLPPPDPNPPRAEFNYSVGFKDLNESLNALEDQDLDALMADLVADISEAEQRTIQAQKESLQNQHHSASLQASIFSGAASLGYGTNVAATGISQYEDDLPPPPADPVLDLPLPPPPPEPLSQEEEEAQAKADKIKLALEKLKEAKVKKLVVKVHMNDNSTKSLMVDERQLARDVLDNLFEKTHCDCNVDWCLYEIYPELQIERFFEDHENVVEVLSDWTRDTENKILFLEKEEKYAVFKNPQNFYLDNRGKKESKETNEKMNAKNKESLLEESFCGTSIIVPELEGALYLKEDGKKSWKRRYFLLRASGIYYVPKGKTKTSRDLACFIQFENVNIYYGTQHKMKYKAPTDYCFVLKHPQIQKESQYIKYLCCDDTRTLNQWVMGIRIAKYGKTLYDNYQRAVAKAGLASRWTNLGTVNAAAPAQPSTGPKTGTTQPNGQIPQATHSVSAVLQEAQRHAETSKDKKPALGNHHDPAVPRAPHAPKSSLPPPPPVRRSSDTSGSPATPLKAKGTGGGGLPAPPDDFLPPPPPPPPLDDPELPPPPPDFMEPPPDFVPPPPPSYAGIAGSELPPPPPPPPAPAPAPVPDSARPPPAVAKRPPVPPKRQENPGHPGGAGGGEQDFMSDLMKALQKKRGNVS,APKSSLPPPPPVRRS
278,2333,Homo sapiens,,,Q7Z5R6,[FL]PPPP,LPPPP,9606_0:00294e,553,557,True,enah_LPPPP_FPPPP,AB1IP_HUMAN,,/home/jch/Documents/08-benchmark/benchmark/benchmark_v4/MSA_comparison/conservation_analysis/2333-9606_0_00294e/2333-9606_0_00294e.json,ena_motif_alignments/2333_AB1IP_HUMAN_9606_0:00294e,MGESSEDIDQMFSTLLGEMDLLTQSLGVDTLPPPDPNPPRAEFNYSVGFKDLNESLNALEDQDLDALMADLVADISEAEQRTIQAQKESLQNQHHSASLQASIFSGAASLGYGTNVAATGISQYEDDLPPPPADPVLDLPLPPPPPEPLSQEEEEAQAKADKIKLALEKLKEAKVKKLVVKVHMNDNSTKSLMVDERQLARDVLDNLFEKTHCDCNVDWCLYEIYPELQIERFFEDHENVVEVLSDWTRDTENKILFLEKEEKYAVFKNPQNFYLDNRGKKESKETNEKMNAKNKESLLEESFCGTSIIVPELEGALYLKEDGKKSWKRRYFLLRASGIYYVPKGKTKTSRDLACFIQFENVNIYYGTQHKMKYKAPTDYCFVLKHPQIQKESQYIKYLCCDDTRTLNQWVMGIRIAKYGKTLYDNYQRAVAKAGLASRWTNLGTVNAAAPAQPSTGPKTGTTQPNGQIPQATHSVSAVLQEAQRHAETSKDKKPALGNHHDPAVPRAPHAPKSSLPPPPPVRRSSDTSGSPATPLKAKGTGGGGLPAPPDDFLPPPPPPPPLDDPELPPPPPDFMEPPPDFVPPPPPSYAGIAGSELPPPPPPPPAPAPAPVPDSARPPPAVAKRPPVPPKRQENPGHPGGAGGGEQDFMSDLMKALQKKRGNVS,PPDDFLPPPPPPPPL
279,2334,Homo sapiens,,,Q7Z5R6,[FL]PPPP,LPPPP,9606_0:00294e,567,571,True,enah_LPPPP_FPPPP,AB1IP_HUMAN,,/home/jch/Documents/08-benchmark/benchmark/benchmark_v4/MSA_comparison/conservation_analysis/2334-9606_0_00294e/2334-9606_0_00294e.json,ena_motif_alignments/2334_AB1IP_HUMAN_9606_0:00294e,MGESSEDIDQMFSTLLGEMDLLTQSLGVDTLPPPDPNPPRAEFNYSVGFKDLNESLNALEDQDLDALMADLVADISEAEQRTIQAQKESLQNQHHSASLQASIFSGAASLGYGTNVAATGISQYEDDLPPPPADPVLDLPLPPPPPEPLSQEEEEAQAKADKIKLALEKLKEAKVKKLVVKVHMNDNSTKSLMVDERQLARDVLDNLFEKTHCDCNVDWCLYEIYPELQIERFFEDHENVVEVLSDWTRDTENKILFLEKEEKYAVFKNPQNFYLDNRGKKESKETNEKMNAKNKESLLEESFCGTSIIVPELEGALYLKEDGKKSWKRRYFLLRASGIYYVPKGKTKTSRDLACFIQFENVNIYYGTQHKMKYKAPTDYCFVLKHPQIQKESQYIKYLCCDDTRTLNQWVMGIRIAKYGKTLYDNYQRAVAKAGLASRWTNLGTVNAAAPAQPSTGPKTGTTQPNGQIPQATHSVSAVLQEAQRHAETSKDKKPALGNHHDPAVPRAPHAPKSSLPPPPPVRRSSDTSGSPATPLKAKGTGGGGLPAPPDDFLPPPPPPPPLDDPELPPPPPDFMEPPPDFVPPPPPSYAGIAGSELPPPPPPPPAPAPAPVPDSARPPPAVAKRPPVPPKRQENPGHPGGAGGGEQDFMSDLMKALQKKRGNVS,LDDPELPPPPPDFME
280,2335,Homo sapiens,,,Q7Z5R6,[FL]PPPP,LPPPP,9606_0:00294e,597,601,True,enah_LPPPP_FPPPP,AB1IP_HUMAN,,/home/jch/Documents/08-benchmark/benchmark/benchmark_v4/MSA_comparison/conservation_analysis/2335-9606_0_00294e/2335-9606_0_00294e.json,ena_motif_alignments/2335_AB1IP_HUMAN_9606_0:00294e,MGESSEDIDQMFSTLLGEMDLLTQSLGVDTLPPPDPNPPRAEFNYSVGFKDLNESLNALEDQDLDALMADLVADISEAEQRTIQAQKESLQNQHHSASLQASIFSGAASLGYGTNVAATGISQYEDDLPPPPADPVLDLPLPPPPPEPLSQEEEEAQAKADKIKLALEKLKEAKVKKLVVKVHMNDNSTKSLMVDERQLARDVLDNLFEKTHCDCNVDWCLYEIYPELQIERFFEDHENVVEVLSDWTRDTENKILFLEKEEKYAVFKNPQNFYLDNRGKKESKETNEKMNAKNKESLLEESFCGTSIIVPELEGALYLKEDGKKSWKRRYFLLRASGIYYVPKGKTKTSRDLACFIQFENVNIYYGTQHKMKYKAPTDYCFVLKHPQIQKESQYIKYLCCDDTRTLNQWVMGIRIAKYGKTLYDNYQRAVAKAGLASRWTNLGTVNAAAPAQPSTGPKTGTTQPNGQIPQATHSVSAVLQEAQRHAETSKDKKPALGNHHDPAVPRAPHAPKSSLPPPPPVRRSSDTSGSPATPLKAKGTGGGGLPAPPDDFLPPPPPPPPLDDPELPPPPPDFMEPPPDFVPPPPPSYAGIAGSELPPPPPPPPAPAPAPVPDSARPPPAVAKRPPVPPKRQENPGHPGGAGGGEQDFMSDLMKALQKKRGNVS,IAGSELPPPPPPPPA
281,2336,Homo sapiens,,,Q9P2A4,[FL]PPPP,LPPPP,9606_0:003dae,276,280,True,enah_LPPPP_FPPPP,ABI3_HUMAN,,/home/jch/Documents/08-benchmark/benchmark/benchmark_v4/MSA_comparison/conservation_analysis/2336-9606_0_003dae/2336-9606_0_003dae.json,ena_motif_alignments/2336_ABI3_HUMAN_9606_0:003dae,MAELQQLQEFEIPTGREALRGNHSALLRVADYCEDNYVQATDKRKALEETMAFTTQALASVAYQVGNLAGHTLRMLDLQGAALRQVEARVSTLGQMVNMHMEKVARREIGTLATVQRLPPGQKVIAPENLPPLTPYCRRPLNFGCLDDIGHGIKDLSTQLSRTGTLSRKSIKAPATPASATLGRPPRIPEPVHLPVVPDGRLSAASSAFSLASAGSAEGVGGAPTPKGQAAPPAPPLPSSLDPPPPPAAVEVFQRPPTLEELSPPPPDEELPLPLDLPPPPPLDGDELGLPPPPPGFGPDEPSWVPASYLEKVVTLYPYTSQKDNELSFSEGTVICVTRRYSDGWCEGVSSEGTGFFPGNYVEPSC,PLPLDLPPPPPLDGD
282,2337,Homo sapiens,,,Q9P2A4,[FL]PPPP,LPPPP,9606_0:003dae,289,293,True,enah_LPPPP_FPPPP,ABI3_HUMAN,,/home/jch/Documents/08-benchmark/benchmark/benchmark_v4/MSA_comparison/conservation_analysis/2337-9606_0_003dae/2337-9606_0_003dae.json,ena_motif_alignments/2337_ABI3_HUMAN_9606_0:003dae,MAELQQLQEFEIPTGREALRGNHSALLRVADYCEDNYVQATDKRKALEETMAFTTQALASVAYQVGNLAGHTLRMLDLQGAALRQVEARVSTLGQMVNMHMEKVARREIGTLATVQRLPPGQKVIAPENLPPLTPYCRRPLNFGCLDDIGHGIKDLSTQLSRTGTLSRKSIKAPATPASATLGRPPRIPEPVHLPVVPDGRLSAASSAFSLASAGSAEGVGGAPTPKGQAAPPAPPLPSSLDPPPPPAAVEVFQRPPTLEELSPPPPDEELPLPLDLPPPPPLDGDELGLPPPPPGFGPDEPSWVPASYLEKVVTLYPYTSQKDNELSFSEGTVICVTRRYSDGWCEGVSSEGTGFFPGNYVEPSC,GDELGLPPPPPGFGP
283,2339,Homo sapiens,,,Q14517,[FL]PPPP,LPPPP,9606_0:00122c,4307,4311,True,enah_LPPPP_FPPPP,FAT1_HUMAN,,/home/jch/Documents/08-benchmark/benchmark/benchmark_v4/MSA_comparison/conservation_analysis/2339-9606_0_00122c/2339-9606_0_00122c.json,ena_motif_alignments/2339_FAT1_HUMAN_9606_0:00122c,MGRHLALLLLLLLLFQHFGDSDGSQRLEQTPLQFTHLEYNVTVQENSAAKTYVGHPVKMGVYITHPAWEVRYKIVSGDSENLFKAEEYILGDFCFLRIRTKGGNTAILNREVKDHYTLIVKALEKNTNVEARTKVRVQVLDTNDLRPLFSPTSYSVSLPENTAIRTSIARVSATDADIGTNGEFYYSFKDRTDMFAIHPTSGVIVLTGRLDYLETKLYEMEILAADRGMKLYGSSGISSMAKLTVHIEQANECAPVITAVTLSPSELDRDPAYAIVTVDDCDQGANGDIASLSIVAGDLLQQFRTVRSFPGSKEYKVKAIGGIDWDSHPFGYNLTLQAKDKGTPPQFSSVKVIHVTSPQFKAGPVKFEKDVYRAEISEFAPPNTPVVMVKAIPAYSHLRYVFKSTPGKAKFSLNYNTGLISILEPVKRQQAAHFELEVTTSDRKASTKVLVKVLGANSNPPEFTQTAYKAAFDENVPIGTTVMSLSAVDPDEGENGYVTYSIANLNHVPFAIDHFTGAVSTSENLDYELMPRVYTLRIRASDWGLPYRREVEVLATITLNNLNDNTPLFEKINCEGTIPRDLGVGEQITTVSAIDADELQLVQYQIEAGNELDFFSLNPNSGVLSLKRSLMDGLGAKVSFHSLRITATDGENFATPLYINITVAASHKLVNLQCEETGVAKMLAEKLLQANKLHNQGEVEDIFFDSHSVNAHIPQFRSTLPTGIQVKENQPVGSSVIFMNSTDLDTGFNGKLVYAVSGGNEDSCFMIDMETGMLKILSPLDRETTDKYTLNITVYDLGIPQKAAWRLLHVVVVDANDNPPEFLQESYFVEVSEDKEVHSEIIQVEATDKDLGPNGHVTYSIVTDTDTFSIDSVTGVVNIARPLDRELQHEHSLKIEARDQAREEPQLFSTVVVKVSLEDVNDNPPTFIPPNYRVKVREDLPEGTVIMWLEAHDPDLGQSGQVRYSLLDHGEGNFDVDKLSGAVRIVQQLDFEKKQVYNLTVRAKDKGKPVSLSSTCYVEVEVVDVNENLHPPVFSSFVEKGTVKEDAPVGSLVMTVSAHDEDARRDGEIRYSIRDGSGVGVFKIGEETGVIETSDRLDRESTSHYWLTVFATDQGVVPLSSFIEIYIEVEDVNDNAPQTSEPVYYPEIMENSPKDVSVVQIEAFDPDSSSNDKLMYKITSGNPQGFFSIHPKTGLITTTSRKLDREQQDEHILEVTVTDNGSPPKSTIARVIVKILDENDNKPQFLQKFYKIRLPEREKPDRERNARREPLYHVIATDKDEGPNAEISYSIEDGNEHGKFFIEPKTGVVSSKRFSAAGEYDILSIKAVDNGRPQKSSTTRLHIEWISKPKPSLEPISFEESFFTFTVMESDPVAHMIGVISVEPPGIPLWFDITGGNYDSHFDVDKGTGTIIVAKPLDAEQKSNYNLTVEATDGTTTILTQVFIKVIDTNDHRPQFSTSKYEVVIPEDTAPETEILQISAVDQDEKNKLIYTLQSSRDPLSLKKFRLDPATGSLYTSEKLDHEAVHQHTLTVMVRDQDVPVKRNFARIVVNVSDTNDHAPWFTASSYKGRVYESAAVGSVVLQVTALDKDKGKNAEVLYSIESGNIGNSFMIDPVLGSIKTAKELDRSNQAEYDLMVKATDKGSPPMSEITSVRIFVTIADNASPKFTSKEYSVELSETVSIGSFVGMVTAHSQSSVVYEIKDGNTGDAFDINPHSGTIITQKALDFETLPIYTLIIQGTNMAGLSTNTTVLVHLQDENDNAPVFMQAEYTGLISESASINSVVLTDRNVPLVIRAADADKDSNALLVYHIVEPSVHTYFAIDSSTGAIHTVLSLDYEETSIFHFTVQVHDMGTPRLFAEYAANVTVHVIDINDCPPVFAKPLYEASLLLPTYKGVKVITVNATDADSSAFSQLIYSITEGNIGEKFSMDYKTGALTVQNTTQLRSRYELTVRASDGRFAGLTSVKINVKESKESHLKFTQDVYSAVVKENSTEAETLAVITAIGNPINEPLFYHILNPDRRFKISRTSGVLSTTGTPFDREQQEAFDVVVEVTEEHKPSAVAHVVVKVIVEDQNDNAPVFVNLPYYAVVKVDTEVGHVIRYVTAVDRDSGRNGEVHYYLKEHHEHFQIGPLGEISLKKQFELDTLNKEYLVTVVAKDGGNPAFSAEVIVPITVMNKAMPVFEKPFYSAEIAESIQVHSPVVHVQANSPEGLKVFYSITDGDPFSQFTINFNTGVINVIAPLDFEAHPAYKLSIRATDSLTGAHAEVFVDIIVDDINDNPPVFAQQSYAVTLSEASVIGTSVVQVRATDSDSEPNRGISYQMFGNHSKSHDHFHVDSSTGLISLLRTLDYEQSRQHTIFVRAVDGGMPTLSSDVIVTVDVTDLNDNPPLFEQQIYEARISEHAPHGHFVTCVKAYDADSSDIDKLQYSILSGNDHKHFVIDSATGIITLSNLHRHALKPFYSLNLSVSDGVFRSSTQVHVTVIGGNLHSPAFLQNEYEVELAENAPLHTLVMEVKTTDGDSGIYGHVTYHIVNDFAKDRFYINERGQIFTLEKLDRETPAEKVISVRLMAKDAGGKVAFCTVNVILTDDNDNAPQFRATKYEVNIGSSAAKGTSVVKVLASDADEGSNADITYAIEADSESVKENLEINKLSGVITTKESLIGLENEFFTFFVRAVDNGSPSKESVVLVYVKILPPEMQLPKFSEPFYTFTVSEDVPIGTEIDLIRAEHSGTVLYSLVKGNTPESNRDESFVIDRQSGRLKLEKSLDHETTKWYQFSILARCTQDDHEMVASVDVSIQVKDANDNSPVFESSPYEAFIVENLPGGSRVIQIRASDADSGTNGQVMYSLDQSQSVEVIESFAINMETGWITTLKELDHEKRDNYQIKVVASDHGEKIQLSSTAIVDVTVTDVNDSPPRFTAEIYKGTVSEDDPQGGVIAILSTTDADSEEINRQVTYFITGGDPLGQFAVETIQNEWKVYVKKPLDREKRDNYLLTITATDGTFSSKAIVEVKVLDANDNSPVCEKTLYSDTIPEDVLPGKLIMQISATDADIRSNAEITYTLLGSGAEKFKLNPDTGELKTSTPLDREEQAVYHLLVRATDGGGRFCQASIVLTLEDVNDNAPEFSADPYAITVFENTEPGTLLTRVQATDADAGLNRKILYSLIDSADGQFSINELSGIIQLEKPLDRELQAVYTLSLKAVDQGLPRRLTATGTVIVSVLDINDNPPVFEYREYGATVSEDILVGTEVLQVYAASRDIEANAEITYSIISGNEHGKFSIDSKTGAVFIIENLDYESSHEYYLTVEATDGGTPSLSDVATVNVNVTDINDNTPVFSQDTYTTVISEDAVLEQSVITVMADDADGPSNSHIHYSIIDGNQGSSFTIDPVRGEVKVTKLLDRETISGYTLTVQASDNGSPPRVNTTTVNIDVSDVNDNAPVFSRGNYSVIIQENKPVGFSVLQLVVTDEDSSHNGPPFFFTIVTGNDEKAFEVNPQGVLLTSSAIKRKEKDHYLLQVKVADNGKPQLSSLTYIDIRVIEESIYPPAILPLEIFITSSGEEYSGGVIGKIHATDQDVYDTLTYSLDPQMDNLFSVSSTGGKLIAHKKLDIGQYLLNVSVTDGKFTTVADITVHIRQVTQEMLNHTIAIRFANLTPEEFVGDYWRNFQRALRNILGVRRNDIQIVSLQSSEPHPHLDVLLFVEKPGSAQISTKQLLHKINSSVTDIEEIIGVRILNVFQKLCAGLDCPWKFCDEKVSVDESVMSTHSTARLSFVTPRHHRAAVCLCKEGRCPPVHHGCEDDPCPEGSECVSDPWEEKHTCVCPSGRFGQCPGSSSMTLTGNSYVKYRLTENENKLEMKLTMRLRTYSTHAVVMYARGTDYSILEIHHGRLQYKFDCGSGPGIVSVQSIQVNDGQWHAVALEVNGNYARLVLDQVHTASGTAPGTLKTLNLDNYVFFGGHIRQQGTRHGRSPQVGNGFRGCMDSIYLNGQELPLNSKPRSYAHIEESVDVSPGCFLTATEDCASNPCQNGGVCNPSPAGGYYCKCSALYIGTHCEISVNPCSSKPCLYGGTCVVDNGGFVCQCRGLYTGQRCQLSPYCKDEPCKNGGTCFDSLDGAVCQCDSGFRGERCQSDIDECSGNPCLHGALCENTHGSYHCNCSHEYRGRHCEDAAPNQYVSTPWNIGLAEGIGIVVFVAGIFLLVVVFVLCRKMISRKKKHQAEPKDKHLGPATAFLQRPYFDSKLNKNIYSDIPPQVPVRPISYTPSIPSDSRNNLDRNSFEGSAIPEHPEFSTFNPESVHGHRKAVAVCSVAPNLPPPPPSNSPSDSDSIQKPSWDFDYDTKVVDLDPCLSKKPLEEKPSQPYSARESLSEVQSLSSFQSESCDDNGYHWDTSDWMPSVPLPDIQEFPNYEVIDEQTPLYSADPNAIDTDYYPGGYDIESDFPPPPEDFPAADELPPLPPEFSNQFESIHPPRDMPAAGSLGSSSRNRQRFNLNQYLPNFYPLDMSEPQTKGTGENSTCREPHAPYPPGYQRHFEAPAVESMPMSVYASTASCSDVSACCEVESEVMMSDYESGDDGHFEEVTIPPLDSQQHTEV,SVAPNLPPPPPSNSP
284,2340,Homo sapiens,,,Q14517,[FL]PPPP,FPPPP,9606_0:00122c,4434,4438,True,enah_LPPPP_FPPPP,FAT1_HUMAN,,/home/jch/Documents/08-benchmark/benchmark/benchmark_v4/MSA_comparison/conservation_analysis/2340-9606_0_00122c/2340-9606_0_00122c.json,ena_motif_alignments/2340_FAT1_HUMAN_9606_0:00122c,MGRHLALLLLLLLLFQHFGDSDGSQRLEQTPLQFTHLEYNVTVQENSAAKTYVGHPVKMGVYITHPAWEVRYKIVSGDSENLFKAEEYILGDFCFLRIRTKGGNTAILNREVKDHYTLIVKALEKNTNVEARTKVRVQVLDTNDLRPLFSPTSYSVSLPENTAIRTSIARVSATDADIGTNGEFYYSFKDRTDMFAIHPTSGVIVLTGRLDYLETKLYEMEILAADRGMKLYGSSGISSMAKLTVHIEQANECAPVITAVTLSPSELDRDPAYAIVTVDDCDQGANGDIASLSIVAGDLLQQFRTVRSFPGSKEYKVKAIGGIDWDSHPFGYNLTLQAKDKGTPPQFSSVKVIHVTSPQFKAGPVKFEKDVYRAEISEFAPPNTPVVMVKAIPAYSHLRYVFKSTPGKAKFSLNYNTGLISILEPVKRQQAAHFELEVTTSDRKASTKVLVKVLGANSNPPEFTQTAYKAAFDENVPIGTTVMSLSAVDPDEGENGYVTYSIANLNHVPFAIDHFTGAVSTSENLDYELMPRVYTLRIRASDWGLPYRREVEVLATITLNNLNDNTPLFEKINCEGTIPRDLGVGEQITTVSAIDADELQLVQYQIEAGNELDFFSLNPNSGVLSLKRSLMDGLGAKVSFHSLRITATDGENFATPLYINITVAASHKLVNLQCEETGVAKMLAEKLLQANKLHNQGEVEDIFFDSHSVNAHIPQFRSTLPTGIQVKENQPVGSSVIFMNSTDLDTGFNGKLVYAVSGGNEDSCFMIDMETGMLKILSPLDRETTDKYTLNITVYDLGIPQKAAWRLLHVVVVDANDNPPEFLQESYFVEVSEDKEVHSEIIQVEATDKDLGPNGHVTYSIVTDTDTFSIDSVTGVVNIARPLDRELQHEHSLKIEARDQAREEPQLFSTVVVKVSLEDVNDNPPTFIPPNYRVKVREDLPEGTVIMWLEAHDPDLGQSGQVRYSLLDHGEGNFDVDKLSGAVRIVQQLDFEKKQVYNLTVRAKDKGKPVSLSSTCYVEVEVVDVNENLHPPVFSSFVEKGTVKEDAPVGSLVMTVSAHDEDARRDGEIRYSIRDGSGVGVFKIGEETGVIETSDRLDRESTSHYWLTVFATDQGVVPLSSFIEIYIEVEDVNDNAPQTSEPVYYPEIMENSPKDVSVVQIEAFDPDSSSNDKLMYKITSGNPQGFFSIHPKTGLITTTSRKLDREQQDEHILEVTVTDNGSPPKSTIARVIVKILDENDNKPQFLQKFYKIRLPEREKPDRERNARREPLYHVIATDKDEGPNAEISYSIEDGNEHGKFFIEPKTGVVSSKRFSAAGEYDILSIKAVDNGRPQKSSTTRLHIEWISKPKPSLEPISFEESFFTFTVMESDPVAHMIGVISVEPPGIPLWFDITGGNYDSHFDVDKGTGTIIVAKPLDAEQKSNYNLTVEATDGTTTILTQVFIKVIDTNDHRPQFSTSKYEVVIPEDTAPETEILQISAVDQDEKNKLIYTLQSSRDPLSLKKFRLDPATGSLYTSEKLDHEAVHQHTLTVMVRDQDVPVKRNFARIVVNVSDTNDHAPWFTASSYKGRVYESAAVGSVVLQVTALDKDKGKNAEVLYSIESGNIGNSFMIDPVLGSIKTAKELDRSNQAEYDLMVKATDKGSPPMSEITSVRIFVTIADNASPKFTSKEYSVELSETVSIGSFVGMVTAHSQSSVVYEIKDGNTGDAFDINPHSGTIITQKALDFETLPIYTLIIQGTNMAGLSTNTTVLVHLQDENDNAPVFMQAEYTGLISESASINSVVLTDRNVPLVIRAADADKDSNALLVYHIVEPSVHTYFAIDSSTGAIHTVLSLDYEETSIFHFTVQVHDMGTPRLFAEYAANVTVHVIDINDCPPVFAKPLYEASLLLPTYKGVKVITVNATDADSSAFSQLIYSITEGNIGEKFSMDYKTGALTVQNTTQLRSRYELTVRASDGRFAGLTSVKINVKESKESHLKFTQDVYSAVVKENSTEAETLAVITAIGNPINEPLFYHILNPDRRFKISRTSGVLSTTGTPFDREQQEAFDVVVEVTEEHKPSAVAHVVVKVIVEDQNDNAPVFVNLPYYAVVKVDTEVGHVIRYVTAVDRDSGRNGEVHYYLKEHHEHFQIGPLGEISLKKQFELDTLNKEYLVTVVAKDGGNPAFSAEVIVPITVMNKAMPVFEKPFYSAEIAESIQVHSPVVHVQANSPEGLKVFYSITDGDPFSQFTINFNTGVINVIAPLDFEAHPAYKLSIRATDSLTGAHAEVFVDIIVDDINDNPPVFAQQSYAVTLSEASVIGTSVVQVRATDSDSEPNRGISYQMFGNHSKSHDHFHVDSSTGLISLLRTLDYEQSRQHTIFVRAVDGGMPTLSSDVIVTVDVTDLNDNPPLFEQQIYEARISEHAPHGHFVTCVKAYDADSSDIDKLQYSILSGNDHKHFVIDSATGIITLSNLHRHALKPFYSLNLSVSDGVFRSSTQVHVTVIGGNLHSPAFLQNEYEVELAENAPLHTLVMEVKTTDGDSGIYGHVTYHIVNDFAKDRFYINERGQIFTLEKLDRETPAEKVISVRLMAKDAGGKVAFCTVNVILTDDNDNAPQFRATKYEVNIGSSAAKGTSVVKVLASDADEGSNADITYAIEADSESVKENLEINKLSGVITTKESLIGLENEFFTFFVRAVDNGSPSKESVVLVYVKILPPEMQLPKFSEPFYTFTVSEDVPIGTEIDLIRAEHSGTVLYSLVKGNTPESNRDESFVIDRQSGRLKLEKSLDHETTKWYQFSILARCTQDDHEMVASVDVSIQVKDANDNSPVFESSPYEAFIVENLPGGSRVIQIRASDADSGTNGQVMYSLDQSQSVEVIESFAINMETGWITTLKELDHEKRDNYQIKVVASDHGEKIQLSSTAIVDVTVTDVNDSPPRFTAEIYKGTVSEDDPQGGVIAILSTTDADSEEINRQVTYFITGGDPLGQFAVETIQNEWKVYVKKPLDREKRDNYLLTITATDGTFSSKAIVEVKVLDANDNSPVCEKTLYSDTIPEDVLPGKLIMQISATDADIRSNAEITYTLLGSGAEKFKLNPDTGELKTSTPLDREEQAVYHLLVRATDGGGRFCQASIVLTLEDVNDNAPEFSADPYAITVFENTEPGTLLTRVQATDADAGLNRKILYSLIDSADGQFSINELSGIIQLEKPLDRELQAVYTLSLKAVDQGLPRRLTATGTVIVSVLDINDNPPVFEYREYGATVSEDILVGTEVLQVYAASRDIEANAEITYSIISGNEHGKFSIDSKTGAVFIIENLDYESSHEYYLTVEATDGGTPSLSDVATVNVNVTDINDNTPVFSQDTYTTVISEDAVLEQSVITVMADDADGPSNSHIHYSIIDGNQGSSFTIDPVRGEVKVTKLLDRETISGYTLTVQASDNGSPPRVNTTTVNIDVSDVNDNAPVFSRGNYSVIIQENKPVGFSVLQLVVTDEDSSHNGPPFFFTIVTGNDEKAFEVNPQGVLLTSSAIKRKEKDHYLLQVKVADNGKPQLSSLTYIDIRVIEESIYPPAILPLEIFITSSGEEYSGGVIGKIHATDQDVYDTLTYSLDPQMDNLFSVSSTGGKLIAHKKLDIGQYLLNVSVTDGKFTTVADITVHIRQVTQEMLNHTIAIRFANLTPEEFVGDYWRNFQRALRNILGVRRNDIQIVSLQSSEPHPHLDVLLFVEKPGSAQISTKQLLHKINSSVTDIEEIIGVRILNVFQKLCAGLDCPWKFCDEKVSVDESVMSTHSTARLSFVTPRHHRAAVCLCKEGRCPPVHHGCEDDPCPEGSECVSDPWEEKHTCVCPSGRFGQCPGSSSMTLTGNSYVKYRLTENENKLEMKLTMRLRTYSTHAVVMYARGTDYSILEIHHGRLQYKFDCGSGPGIVSVQSIQVNDGQWHAVALEVNGNYARLVLDQVHTASGTAPGTLKTLNLDNYVFFGGHIRQQGTRHGRSPQVGNGFRGCMDSIYLNGQELPLNSKPRSYAHIEESVDVSPGCFLTATEDCASNPCQNGGVCNPSPAGGYYCKCSALYIGTHCEISVNPCSSKPCLYGGTCVVDNGGFVCQCRGLYTGQRCQLSPYCKDEPCKNGGTCFDSLDGAVCQCDSGFRGERCQSDIDECSGNPCLHGALCENTHGSYHCNCSHEYRGRHCEDAAPNQYVSTPWNIGLAEGIGIVVFVAGIFLLVVVFVLCRKMISRKKKHQAEPKDKHLGPATAFLQRPYFDSKLNKNIYSDIPPQVPVRPISYTPSIPSDSRNNLDRNSFEGSAIPEHPEFSTFNPESVHGHRKAVAVCSVAPNLPPPPPSNSPSDSDSIQKPSWDFDYDTKVVDLDPCLSKKPLEEKPSQPYSARESLSEVQSLSSFQSESCDDNGYHWDTSDWMPSVPLPDIQEFPNYEVIDEQTPLYSADPNAIDTDYYPGGYDIESDFPPPPEDFPAADELPPLPPEFSNQFESIHPPRDMPAAGSLGSSSRNRQRFNLNQYLPNFYPLDMSEPQTKGTGENSTCREPHAPYPPGYQRHFEAPAVESMPMSVYASTASCSDVSACCEVESEVMMSDYESGDDGHFEEVTIPPLDSQQHTEV,DIESDFPPPPEDFPA
285,2341,Homo sapiens,,,Q8WUP2,[FL]PPPP,LPPPP,9606_0:000661,103,107,True,enah_LPPPP_FPPPP,FBLI1_HUMAN,,/home/jch/Documents/08-benchmark/benchmark/benchmark_v4/MSA_comparison/conservation_analysis/2341-9606_0_000661/2341-9606_0_000661.json,ena_motif_alignments/2341_FBLI1_HUMAN_9606_0:000661,MASKPEKRVASSVFITLAPPRRDVAVAEEVRQAVCEARRGRPWEAPAPMKTPEAGLAGRPSPWTTPGRAAATVPAAPMQLFNGGCPPPPPVLDGEDVLPDLDLLPPPPPPPPVLLPSEEEAPAPMGASLIADLEQLHLSPPPPPPQAPAEGPSVQPGPLRPMEEELPPPPAEPVEKGASTDICAFCHKTVSPRELAVEAMKRQYHAQCFTCRTCRRQLAGQSFYQKDGRPLCEPCYQDTLERCGKCGEVVRDHIIRALGQAFHPSCFTCVTCARCIGDESFALGSQNEVYCLDDFYRYEKGLCTGWGAGTGRDPSRVKELSLSPGCWARVSCLLVYYKEYYRAGLGAVAHACNPSTLGGRGGWITRSGDRDHPG,PDLDLLPPPPPPPPV
286,2342,Homo sapiens,,,Q8WUP2,[FL]PPPP,LPPPP,9606_0:000661,165,169,True,enah_LPPPP_FPPPP,FBLI1_HUMAN,,/home/jch/Documents/08-benchmark/benchmark/benchmark_v4/MSA_comparison/conservation_analysis/2342-9606_0_000661/2342-9606_0_000661.json,ena_motif_alignments/2342_FBLI1_HUMAN_9606_0:000661,MASKPEKRVASSVFITLAPPRRDVAVAEEVRQAVCEARRGRPWEAPAPMKTPEAGLAGRPSPWTTPGRAAATVPAAPMQLFNGGCPPPPPVLDGEDVLPDLDLLPPPPPPPPVLLPSEEEAPAPMGASLIADLEQLHLSPPPPPPQAPAEGPSVQPGPLRPMEEELPPPPAEPVEKGASTDICAFCHKTVSPRELAVEAMKRQYHAQCFTCRTCRRQLAGQSFYQKDGRPLCEPCYQDTLERCGKCGEVVRDHIIRALGQAFHPSCFTCVTCARCIGDESFALGSQNEVYCLDDFYRYEKGLCTGWGAGTGRDPSRVKELSLSPGCWARVSCLLVYYKEYYRAGLGAVAHACNPSTLGGRGGWITRSGDRDHPG,PMEEELPPPPAEPVE
287,2343,Homo sapiens,,,O15117,[FL]PPPP,LPPPP,9606_0:0015fb,401,405,True,enah_LPPPP_FPPPP,FYB1_HUMAN,,/home/jch/Documents/08-benchmark/benchmark/benchmark_v4/MSA_comparison/conservation_analysis/2343-9606_0_0015fb/2343-9606_0_0015fb.json,ena_motif_alignments/2343_FYB1_HUMAN_9606_0:0015fb,MDGKADVKSLMAKYNTGGNPTEDVSVNSRPFRVTGPNSSSGIQARKNLFNNQGNASPPAGPSNVPKFGSPKPPVAVKPSSEEKPDKEPKPPFLKPTGAGQRFGTPASLTTRDPEAKVGFLKPVGPKPINLPKEDSKPTFPWPPGNKPSLHSVNQDHDLKPLGPKSGPTPPTSENEQKQAFPKLTGVKGKFMSASQDLEPKPLFPKPAFGQKPPLSTENSHEDESPMKNVSSSKGSPAPLGVRSKSGPLKPAREDSENKDHAGEISSLPFPGVVLKPAASRGGPGLSKNGEEKKEDRKIDAAKNTFQSKINQEELASGTPPARFPKAPSKLTVGGPWGQSQEKEKGDKNSATPKQKPLPPLFTLGPPPPKPNRPPNVDLTKFHKTSSGNSTSKGQTSYSTTSLPPPPPSHPASQPPLPASHPSQPPVPSLPPRNIKPPFDLKSPVNEDNQDGVTHSDGAGNLDEEQDSEGETYEDIEASKEREKKREKEEKKRLELEKKEQKEKEKKEQEIKKKFKLTGPIQVIHLAKACCDVKGGKNELSFKQGEQIEIIRITDNPEGKWLGRTARGSYGYIKTTAVEIDYDSLKLKKDSLGAPSRPIEDDQEVYDDVAEQDDISSHSQSGSGGIFPPPPDDDIYDGIEEEDADDGSTLQVQEKSNTWSWGILKMLKGKDDRKKSIREKPKVSDSDNNEGSSFPAPPKQLDMGDEVYDDVDTSDFPVSSAEMSQGTNVGKAKTEEKDLKKLKKQEKEEKDFRKKFKYDGEIRVLYSTKVTTSITSKKWGTRDLQVKPGESLEVIQTTDDTKVLCRNEEGKYGYVLRSYLADNDGEIYDDIADGCIYDND,YSTTSLPPPPPSHPA
288,2344,Homo sapiens,,,O15117,[FL]PPPP,FPPPP,9606_0:0015fb,625,629,True,enah_LPPPP_FPPPP,FYB1_HUMAN,,/home/jch/Documents/08-benchmark/benchmark/benchmark_v4/MSA_comparison/conservation_analysis/2344-9606_0_0015fb/2344-9606_0_0015fb.json,ena_motif_alignments/2344_FYB1_HUMAN_9606_0:0015fb,MDGKADVKSLMAKYNTGGNPTEDVSVNSRPFRVTGPNSSSGIQARKNLFNNQGNASPPAGPSNVPKFGSPKPPVAVKPSSEEKPDKEPKPPFLKPTGAGQRFGTPASLTTRDPEAKVGFLKPVGPKPINLPKEDSKPTFPWPPGNKPSLHSVNQDHDLKPLGPKSGPTPPTSENEQKQAFPKLTGVKGKFMSASQDLEPKPLFPKPAFGQKPPLSTENSHEDESPMKNVSSSKGSPAPLGVRSKSGPLKPAREDSENKDHAGEISSLPFPGVVLKPAASRGGPGLSKNGEEKKEDRKIDAAKNTFQSKINQEELASGTPPARFPKAPSKLTVGGPWGQSQEKEKGDKNSATPKQKPLPPLFTLGPPPPKPNRPPNVDLTKFHKTSSGNSTSKGQTSYSTTSLPPPPPSHPASQPPLPASHPSQPPVPSLPPRNIKPPFDLKSPVNEDNQDGVTHSDGAGNLDEEQDSEGETYEDIEASKEREKKREKEEKKRLELEKKEQKEKEKKEQEIKKKFKLTGPIQVIHLAKACCDVKGGKNELSFKQGEQIEIIRITDNPEGKWLGRTARGSYGYIKTTAVEIDYDSLKLKKDSLGAPSRPIEDDQEVYDDVAEQDDISSHSQSGSGGIFPPPPDDDIYDGIEEEDADDGSTLQVQEKSNTWSWGILKMLKGKDDRKKSIREKPKVSDSDNNEGSSFPAPPKQLDMGDEVYDDVDTSDFPVSSAEMSQGTNVGKAKTEEKDLKKLKKQEKEEKDFRKKFKYDGEIRVLYSTKVTTSITSKKWGTRDLQVKPGESLEVIQTTDDTKVLCRNEEGKYGYVLRSYLADNDGEIYDDIADGCIYDND,GSGGIFPPPPDDDIY
289,2345,Homo sapiens,,,Q93052,[FL]PPPP,LPPPP,9606_0:000d90,67,71,True,enah_LPPPP_FPPPP,LPP_HUMAN,,/home/jch/Documents/08-benchmark/benchmark/benchmark_v4/MSA_comparison/conservation_analysis/2345-9606_0_000d90/2345-9606_0_000d90.json,ena_motif_alignments/2345_LPP_HUMAN_9606_0:000d90,MSHPSWLPPKSTGEPLGHVPARMETTHSFGNPSISVSTQQPPKKFAPVVAPKPKYNPYKQPGGEGDFLPPPPPPLDDSSALPSISGNFPPPPPLDEEAFKVQGNPGGKTLEERRSSLDAEIDSLTSILADLECSSPYKPRPPQSSTGSTASPPVSTPVTGHKRMVIPNQPPLTATKKSTLKPQPAPQAGPIPVAPIGTLKPQPQPVPASYTTASTSSRPTFNVQVKSAQPSPHYMAAPSSGQIYGSGPQGYNTQPVPVSGQCPPPSTRGGMDYAYIPPPGLQPEPGYGYAPNQGRYYEGYYAAGPGYGGRNDSDPTYGQQGHPNTWKREPGYTPPGAGNQNPPGMYPVTGPKKTYITDPVSAPCAPPLQPKGGHSGQLGPSSVAPSFRPEDELEHLTKKMLYDMENPPADEYFGRCARCGENVVGEGTGCTAMDQVFHVDCFTCIICNNKLRGQPFYAVEKKAYCEPCYINTLEQCNVCSKPIMERILRATGKAYHPHCFTCVMCHRSLDGIPFTVDAGGLIHCIEDFHKKFAPRCSVCKEPIMPAPGQEETVRIVALDRDFHVHCYRCEDCGGLLSEGDNQGCYPLDGHILCKTCNSARIRVLTAKASTDL,GEGDFLPPPPPPLDD
290,2346,Homo sapiens,,,Q93052,[FL]PPPP,FPPPP,9606_0:000d90,87,91,True,enah_LPPPP_FPPPP,LPP_HUMAN,,/home/jch/Documents/08-benchmark/benchmark/benchmark_v4/MSA_comparison/conservation_analysis/2346-9606_0_000d90/2346-9606_0_000d90.json,ena_motif_alignments/2346_LPP_HUMAN_9606_0:000d90,MSHPSWLPPKSTGEPLGHVPARMETTHSFGNPSISVSTQQPPKKFAPVVAPKPKYNPYKQPGGEGDFLPPPPPPLDDSSALPSISGNFPPPPPLDEEAFKVQGNPGGKTLEERRSSLDAEIDSLTSILADLECSSPYKPRPPQSSTGSTASPPVSTPVTGHKRMVIPNQPPLTATKKSTLKPQPAPQAGPIPVAPIGTLKPQPQPVPASYTTASTSSRPTFNVQVKSAQPSPHYMAAPSSGQIYGSGPQGYNTQPVPVSGQCPPPSTRGGMDYAYIPPPGLQPEPGYGYAPNQGRYYEGYYAAGPGYGGRNDSDPTYGQQGHPNTWKREPGYTPPGAGNQNPPGMYPVTGPKKTYITDPVSAPCAPPLQPKGGHSGQLGPSSVAPSFRPEDELEHLTKKMLYDMENPPADEYFGRCARCGENVVGEGTGCTAMDQVFHVDCFTCIICNNKLRGQPFYAVEKKAYCEPCYINTLEQCNVCSKPIMERILRATGKAYHPHCFTCVMCHRSLDGIPFTVDAGGLIHCIEDFHKKFAPRCSVCKEPIMPAPGQEETVRIVALDRDFHVHCYRCEDCGGLLSEGDNQGCYPLDGHILCKTCNSARIRVLTAKASTDL,SISGNFPPPPPLDEE
291,2347,Homo sapiens,,,Q5SYE7,[FL]PPPP,LPPPP,9606_0:001b40,953,957,True,enah_LPPPP_FPPPP,NHSL1_HUMAN,,/home/jch/Documents/08-benchmark/benchmark/benchmark_v4/MSA_comparison/conservation_analysis/2347-9606_0_001b40/2347-9606_0_001b40.json,ena_motif_alignments/2347_NHSL1_HUMAN_9606_0:001b40,MKKEGSSGSFRLQPNTGSLSRAVSWINFSSLSRQTKRLFRSDGELSVCGQQVEVDDENWIYRAQPRKAVSNLDEESRWTVHYTAPWHQQENVFLPTTRPPCVEDLHRQAKLNLKSVLRECDKLRHDGYRSSQYYSQGPTFAANASPFCDDYQDEDEETDQKCSLSSSEEERFISIRRPKTPASSDFSDLNTQTNWTKSLPLPTPEEKMRQQAQTVQADVVPINITASGTGQDDADGHSVYTPDHYSTLGRFNSCRSAGQRSETRDSSCQTEDVKVVPPSMRRIRAQKGQGIAAQMGHFSGSSGNMSVLSDSAGIVFPSRLDSDAGFHSLPRSGARANIQSLEPRLGALGPAGDMNGTFLYQRGHPQADENLGHLGGASGTGTLLRPKSQELRHFESENIMSPACVVSPHATYSTSIIPNATLSSSSEVIAIPTAQSAGQRESKSSGSSHARIKSRDHLISRHAVKGDPQSPGRHWNEGHATILSQDLDPHSPGEPALLSLCDSAVPLNAPANRENGSQAMPYNCRNNLAFPAHPQDVDGKSESSYSGGGGHSSSEPWEYKSSGNGRASPLKPHLATPGYSTPTSNMSSCSLDQTSNKEDAGSLYSEDHDGYCASVHTDSGHGSGNLCNSSDGFGNPRHSVINVFVGRAQKNQGDRSNYQDKSLSRNISLKKAKKPPLPPSRTDSLRRIPKKSSQCNGQVLNESLIATLQHSLQLSLPGKSGSSPSQSPCSDLEEPWLPRSRSQSTVSAGSSMTSATTPNVYSLCGATPSQSDTSSVKSEYTDPWGYYIDYTGMQEDPGNPAGGCSTSSGVPTGNGPVRHVQEGSRATMPQVPGGSVKPKIMSPEKSHRVISPSSGYSSQSNTPTALTPVPVFLKSVSPANGKGKPKPKVPERKSSLISSVSISSSSTSLSSSTSTEGSGTMKKLDPAVGSPPAPPPPPVPSPPFPCPADRSPFLPPPPPVTDCSQGSPLPHSPVFPPPPPEALIPFCSPPDWCLSPPRPALSPILPDSPVSLPLPPPLLPSSEPPPAPPLDPKFMKDTRPPFTNSGQPESSRGSLRPPSTKEETSRPPMPLITTEALQMVQLRPVRKNSGAEAAQLSERTAQEQRTPVAPQYHLKPSAFLKSRNSTNEMESESQPASVTSSLPTPAKSSSQGDHGSAAERGGPVSRSPGAPSAGEAEARPSPSTTPLPDSSPSRKPPPISKKPKLFLVVPPPQKDFAVEPAENVSEALRAVPSPTTGEEGSVHSREAKESSAAQAGSHATHPGTSVLEGGAAGSMSPSRVEANVPMVQPDVSPAPKQEEPAENSADTGGDGESCLSQQDGAAGVPETNAAGSSSEACDFLKEDGNDEVMTPSRPRTTEDLFAAIHRSKRKVLGRRDSDDDHSRNHSPSPPVTPTGAAPSLASPKQVGSIQRSIRKSSTSSDNFKALLLKKGSRSDTSARMSAAEMLKNTDPRFQRSRSEPSPDAPESPSSCSPSKNRRAQEEWAKNEGLMPRSLSFSGPRYGRSRTPPSAASSRYSMRNRIQSSPMTVISEGEGEAVEPVDSIARGALGAAEGCSLDGLAREEMDEGGLLCGEGPAASLQPQAPGPVDGTASAEGREPSPQCGGSLSEES,DRSPFLPPPPPVTDC
292,2348,Homo sapiens,,,Q5SYE7,[FL]PPPP,FPPPP,9606_0:001b40,974,978,True,enah_LPPPP_FPPPP,NHSL1_HUMAN,,/home/jch/Documents/08-benchmark/benchmark/benchmark_v4/MSA_comparison/conservation_analysis/2348-9606_0_001b40/2348-9606_0_001b40.json,ena_motif_alignments/2348_NHSL1_HUMAN_9606_0:001b40,MKKEGSSGSFRLQPNTGSLSRAVSWINFSSLSRQTKRLFRSDGELSVCGQQVEVDDENWIYRAQPRKAVSNLDEESRWTVHYTAPWHQQENVFLPTTRPPCVEDLHRQAKLNLKSVLRECDKLRHDGYRSSQYYSQGPTFAANASPFCDDYQDEDEETDQKCSLSSSEEERFISIRRPKTPASSDFSDLNTQTNWTKSLPLPTPEEKMRQQAQTVQADVVPINITASGTGQDDADGHSVYTPDHYSTLGRFNSCRSAGQRSETRDSSCQTEDVKVVPPSMRRIRAQKGQGIAAQMGHFSGSSGNMSVLSDSAGIVFPSRLDSDAGFHSLPRSGARANIQSLEPRLGALGPAGDMNGTFLYQRGHPQADENLGHLGGASGTGTLLRPKSQELRHFESENIMSPACVVSPHATYSTSIIPNATLSSSSEVIAIPTAQSAGQRESKSSGSSHARIKSRDHLISRHAVKGDPQSPGRHWNEGHATILSQDLDPHSPGEPALLSLCDSAVPLNAPANRENGSQAMPYNCRNNLAFPAHPQDVDGKSESSYSGGGGHSSSEPWEYKSSGNGRASPLKPHLATPGYSTPTSNMSSCSLDQTSNKEDAGSLYSEDHDGYCASVHTDSGHGSGNLCNSSDGFGNPRHSVINVFVGRAQKNQGDRSNYQDKSLSRNISLKKAKKPPLPPSRTDSLRRIPKKSSQCNGQVLNESLIATLQHSLQLSLPGKSGSSPSQSPCSDLEEPWLPRSRSQSTVSAGSSMTSATTPNVYSLCGATPSQSDTSSVKSEYTDPWGYYIDYTGMQEDPGNPAGGCSTSSGVPTGNGPVRHVQEGSRATMPQVPGGSVKPKIMSPEKSHRVISPSSGYSSQSNTPTALTPVPVFLKSVSPANGKGKPKPKVPERKSSLISSVSISSSSTSLSSSTSTEGSGTMKKLDPAVGSPPAPPPPPVPSPPFPCPADRSPFLPPPPPVTDCSQGSPLPHSPVFPPPPPEALIPFCSPPDWCLSPPRPALSPILPDSPVSLPLPPPLLPSSEPPPAPPLDPKFMKDTRPPFTNSGQPESSRGSLRPPSTKEETSRPPMPLITTEALQMVQLRPVRKNSGAEAAQLSERTAQEQRTPVAPQYHLKPSAFLKSRNSTNEMESESQPASVTSSLPTPAKSSSQGDHGSAAERGGPVSRSPGAPSAGEAEARPSPSTTPLPDSSPSRKPPPISKKPKLFLVVPPPQKDFAVEPAENVSEALRAVPSPTTGEEGSVHSREAKESSAAQAGSHATHPGTSVLEGGAAGSMSPSRVEANVPMVQPDVSPAPKQEEPAENSADTGGDGESCLSQQDGAAGVPETNAAGSSSEACDFLKEDGNDEVMTPSRPRTTEDLFAAIHRSKRKVLGRRDSDDDHSRNHSPSPPVTPTGAAPSLASPKQVGSIQRSIRKSSTSSDNFKALLLKKGSRSDTSARMSAAEMLKNTDPRFQRSRSEPSPDAPESPSSCSPSKNRRAQEEWAKNEGLMPRSLSFSGPRYGRSRTPPSAASSRYSMRNRIQSSPMTVISEGEGEAVEPVDSIARGALGAAEGCSLDGLAREEMDEGGLLCGEGPAASLQPQAPGPVDGTASAEGREPSPQCGGSLSEES,PHSPVFPPPPPEALI
293,2349,Homo sapiens,,,Q8WX93,[FL]PPPP,FPPPP,9606_0:00141f,561,565,True,enah_LPPPP_FPPPP,PALLD_HUMAN,,/home/jch/Documents/08-benchmark/benchmark/benchmark_v4/MSA_comparison/conservation_analysis/2349-9606_0_00141f/2349-9606_0_00141f.json,ena_motif_alignments/2349_PALLD_HUMAN_9606_0:00141f,MSGTSSHESFYDSLSDMQEESKNTDFFPGLSAFLSQEEINKSLDLARRAIADSETEDFDSEKEISQIFSTSPASLCEHPSHKETKLGEHASRRPQDNRSTPVQPLAEKQTKSISSPVSKRKPAMSPLLTRPSYIRSLRKAEKRGAKTPSTNVKPKTPHQRKGGPQSQLCDKAANLIEELTSIFKAAKPRNRSPNGESSSPDSGYLSPKNQPSALLSASASQSPMEDQGEMEREVKSPGARHCYQDNQDLAVPHNRKSHPQPHSALHFPAAPRFIQKLRSQEVAEGSRVYLECRVTGNPTPRVRWFCEGKELHNTPDIQIHCEGGDLHTLIIAEAFEDDTGRYTCLATNPSGSDTTSAEVFIEGASSTDSDSESLAFKSRAGAMPQAQKKTTSVSLTIGSSSPKTGVTTAVIQPLSVPVQQVHSPTSYLCRPDGTTTAYFPPVFTKELQNTAVAEGQVVVLECRVRGAPPLQVQWFRQGSEIQDSPDFRILQKKPRSTAEPEEICTLVIAETFPEDAGIFTCSARNDYGSATSTAQLVVTSANTENCSYESMGESNNDHFQHFPPPPPILETSSLELASKKPSEIQQVNNPELGLSRAALQMQFNAAERETNGVHPSRGVNGLINGKANSNKSLPTPAVLLSPTKEPPPLLAKPKLGFPKKASRTARIASDEEIQGTKDAVIQDLERKLRFKEDLLNNGQPRLTYEERMARRLLGADSATVFNIQEPEEETANQDIGSPHASVGSPLDGQKEYKVSSCEQRLISEIEYRLERSPVDESGDEVQYGDVPVENGMAPFFEMKLKHYKIFEGMPVTFTCRVAGNPKPKIYWFKDGKQISPKSDHYTIQRDLDGTCSLHTTASTLDDDGNYTIMAANPQGRISCTGRLMVQAVNQRGRSPRSPSGHPHVRRPRSRSRDSGDENEPIQERFFRPHFLQAPGDLTVQEGKLCRMDCKVSGLPTPDLSWQLDGKPVRPDSAHKMLVRENGVHSLIIEPVTSRDAGIYTCIATNRAGQNSFSLELVVAAKEAHKPPVFIEKLQNTGVADGYPVRLECRVLGVPPPQIFWKKENESLTHSTDRVSMHQDNHGYICLLIQGATKEDAGWYTVSAKNEAGIVSCTARLDVYISRH,DHFQHFPPPPPILET
294,2350,Homo sapiens,,,A6NGG8,[FL]PPPP,LPPPP,9606_0:00094d,829,833,True,enah_LPPPP_FPPPP,PCARE_HUMAN,,/home/jch/Documents/08-benchmark/benchmark/benchmark_v4/MSA_comparison/conservation_analysis/2350-9606_0_00094d/2350-9606_0_00094d.json,ena_motif_alignments/2350_PCARE_HUMAN_9606_0:00094d,MGCTPSHSDLVNSVAKSGIQFLKKPKAIRPGCQGGSERGSIPLLVKNSTCYDAGEGLAEEQPSPRRNQTTAKGLCQLMGDPASGKRKDMEGLIPGTKTSSSQLNKSQSHMAKDIPFKTQGSHGSQGADFSGDESEESSTQDTSKWKRTAKCHTSSTQSHCYQTIHPAHEPEGKVDFPEPLVKAHQQAYTYLHSSLSKYEAILCIIHQATQTRELLQPMVSFLLLCFEEISQLLGEISKDGEVLLQEVREDLAWPLKKREPQEQPNLLQQLLQYTVSKLQVLNGTVASLTGSFLEGSSSYLHSTATHLENKLSTKRNVDERLLRALRQLESLASGCGDPGVQGLPLCSEDSGIGADNESVQSVDKLGKQTSWDLAPEPEEWKSVTSPHTEARQSGHTWQQSPFCLGSGRPQDCLLSGAPMAKVQPRAQDEARSPCLSSTSPENITSPPLKLGTSTPCDSFGIGVSVEPHLSKTSRPMDASSLSDSEDSSPEEEEEDKMSSMSLCAWQEKTPHSRPQSSPADRESPFQARTRRLRSLQAQEMILKMKESISERIKFVPVPCGHQDWSEEEEGRTVVPPRPSTVSGSRRAPERQTRSQSESCLQSHVEDPTFQELRRVQRDLSQKLEAFYALGAKGQGQSQEQILQPRAAAVWPNGTCRVSPSNTTSRLKASLTKNFSILPSQDKSILQKCNPHPEDEQGKAGKLPNAIPSGEVSEAAKATDWNVRGCPTRTSVKKLIETFSPTESLRMLGDSKDAGASPCLRNCIMPPRFPKYTGLAPLYPKPQISPASGRESLKMGIGWKPLAPIFPPLPKAEAAKSEELSCEMEGNLEHLPPPPMEVLMDKSFASLESPESSKSTENSPKETQEPGPGEAGPTRRTWASPKLRASVSPLDLLPSKSTASLTKPHSTGPGSGRSSCQPRKPALDLSSPPATSQSPEVKGGTWSQAEKATSLYRQPRKAIAWHHSGPPSGQNRTSESSLARPRQSRERSPPVGRKASPTRTHWVPQADKRRRSLPSSYRPAQPSPSAVQTPPSPPVSPRVLSPPTTKRRTSPPHQPKLPNPPPESAPAQCKVPSPPTQHPEASPPFSIPSPSPPMSPSQEHKETRDSEDSQAVIAKVSGNTHSIFCPATSSLFEAKPPLSTAHPLTPPSLPPEAGGPLGNPAECWKNSSGPWLRADSQRRAALCALNPLPFLRRTASDRQPGGRPQPPTLDPTSTSYESQLGQNSSSEESPKKDTEPGSSPCSPELQGGTRRASPPEFCVLGHGLQPEPRTGHIQDKSQPEAQPQQEEVS,GNLEHLPPPPMEVLM
295,2351,Homo sapiens,,,Q70E73,[FL]PPPP,LPPPP,9606_0:000b76,627,631,True,enah_LPPPP_FPPPP,RAPH1_HUMAN,,/home/jch/Documents/08-benchmark/benchmark/benchmark_v4/MSA_comparison/conservation_analysis/2351-9606_0_000b76/2351-9606_0_000b76.json,ena_motif_alignments/2351_RAPH1_HUMAN_9606_0:000b76,MEQLSDEEIDHGAEEDSDKEDQDLDKMFGAWLGELDKLTQSLDSDKPMEPVKRSPLRQETNMANFSYRFSIYNLNEALNQGETVDLDALMADLCSIEQELSSIGSGNSKRQITETKATQKLPVSRHTLKHGTLKGLSSSSNRIAKPSHASYSLDDVTAQLEQASLSMDEAAQQSVLEDTKPLVTNQHRRTASAGTVSDAEVHSISNSSHSSITSAASSMDSLDIDKVTRPQELDLTHQGQPITEEEQAAKLKAEKIRVALEKIKEAQVKKLVIRVHMSDDSSKTMMVDERQTVRQVLDNLMDKSHCGYSLDWSLVETVSELQMERIFEDHENLVENLLNWTRDSQNKLIFMERIEKYALFKNPQNYLLGKKETAEMADRNKEVLLEECFCGSSVTVPEIEGVLWLKDDGKKSWKKRYFLLRASGIYYVPKGKAKVSRDLVCFLQLDHVNVYYGQDYRNKYKAPTDYCLVLKHPQIQKKSQYIKYLCCDDVRTLHQWVNGIRIAKYGKQLYMNYQEALKRTESAYDWTSLSSSSIKSGSSSSSIPESQSNHSNQSDSGVSDTQPAGHVRSQSIVSSVFSEAWKRGTQLEESSKARMESMNRPYTSLVPPLSPQPKIVTPYTASQPSPPLPPPPPPPPPPPPPPPPPPPPLPSQSAPSAGSAAPMFVKYSTITRLQNASQHSGALFKPPTPPVMQSQSVKPQILVPPNGVVPPPPPPPPPPTPGSAMAQLKPAPCAPSLPQFSAPPPPLKIHQVQHITQVAPPTPPPPPPIPAPLPPQAPPKPLVTIPAPTSTKTVAPVVTQAAPPTPTPPVPPAKKQPAFPASYIPPSPPTPPVPVPPPTLPKQQSFCAKPPPSPLSPVPSVVKQIASQFPPPPTPPAMESQPLKPVPANVAPQSPPAVKAKPKWQPSSIPVPSPDFPPPPPESSLVFPPPPPSPVPAPPPPPPPTASPTPDKSGSPGKKTSKTSSPGGKKPPPTPQRNSSIKSSSGAEHPEPKRPSVDSLVSKFTPPAESGSPSKETLPPPAAPPKPGKLNLSGVNLPGVLQQGCVSAKAPVLSGRGKDSVVEFPSPPSDSDFPPPPPETELPLPPIEIPAVFSGNTSPKVAVVNPQPQQWSKMSVKKAPPPTRPKRNDSTRLTQAEISEQPTMATVVPQVPTSPKSSLSVQPGFLADLNRTLQRKSITRHGSLSSRMSRAEPTATMDDMALPPPPPELLSDQQKAGYGGSHISGYATLRRGPPPAPPKRDQNTKLSRDW,QPSPPLPPPPPPPPP
296,2352,Homo sapiens,,,Q70E73,[FL]PPPP,FPPPP,9606_0:000b76,868,872,True,enah_LPPPP_FPPPP,RAPH1_HUMAN,,/home/jch/Documents/08-benchmark/benchmark/benchmark_v4/MSA_comparison/conservation_analysis/2352-9606_0_000b76/2352-9606_0_000b76.json,ena_motif_alignments/2352_RAPH1_HUMAN_9606_0:000b76,MEQLSDEEIDHGAEEDSDKEDQDLDKMFGAWLGELDKLTQSLDSDKPMEPVKRSPLRQETNMANFSYRFSIYNLNEALNQGETVDLDALMADLCSIEQELSSIGSGNSKRQITETKATQKLPVSRHTLKHGTLKGLSSSSNRIAKPSHASYSLDDVTAQLEQASLSMDEAAQQSVLEDTKPLVTNQHRRTASAGTVSDAEVHSISNSSHSSITSAASSMDSLDIDKVTRPQELDLTHQGQPITEEEQAAKLKAEKIRVALEKIKEAQVKKLVIRVHMSDDSSKTMMVDERQTVRQVLDNLMDKSHCGYSLDWSLVETVSELQMERIFEDHENLVENLLNWTRDSQNKLIFMERIEKYALFKNPQNYLLGKKETAEMADRNKEVLLEECFCGSSVTVPEIEGVLWLKDDGKKSWKKRYFLLRASGIYYVPKGKAKVSRDLVCFLQLDHVNVYYGQDYRNKYKAPTDYCLVLKHPQIQKKSQYIKYLCCDDVRTLHQWVNGIRIAKYGKQLYMNYQEALKRTESAYDWTSLSSSSIKSGSSSSSIPESQSNHSNQSDSGVSDTQPAGHVRSQSIVSSVFSEAWKRGTQLEESSKARMESMNRPYTSLVPPLSPQPKIVTPYTASQPSPPLPPPPPPPPPPPPPPPPPPPPLPSQSAPSAGSAAPMFVKYSTITRLQNASQHSGALFKPPTPPVMQSQSVKPQILVPPNGVVPPPPPPPPPPTPGSAMAQLKPAPCAPSLPQFSAPPPPLKIHQVQHITQVAPPTPPPPPPIPAPLPPQAPPKPLVTIPAPTSTKTVAPVVTQAAPPTPTPPVPPAKKQPAFPASYIPPSPPTPPVPVPPPTLPKQQSFCAKPPPSPLSPVPSVVKQIASQFPPPPTPPAMESQPLKPVPANVAPQSPPAVKAKPKWQPSSIPVPSPDFPPPPPESSLVFPPPPPSPVPAPPPPPPPTASPTPDKSGSPGKKTSKTSSPGGKKPPPTPQRNSSIKSSSGAEHPEPKRPSVDSLVSKFTPPAESGSPSKETLPPPAAPPKPGKLNLSGVNLPGVLQQGCVSAKAPVLSGRGKDSVVEFPSPPSDSDFPPPPPETELPLPPIEIPAVFSGNTSPKVAVVNPQPQQWSKMSVKKAPPPTRPKRNDSTRLTQAEISEQPTMATVVPQVPTSPKSSLSVQPGFLADLNRTLQRKSITRHGSLSSRMSRAEPTATMDDMALPPPPPELLSDQQKAGYGGSHISGYATLRRGPPPAPPKRDQNTKLSRDW,QIASQFPPPPTPPAM
297,2353,Homo sapiens,,,Q70E73,[FL]PPPP,FPPPP,9606_0:000b76,915,919,True,enah_LPPPP_FPPPP,RAPH1_HUMAN,,/home/jch/Documents/08-benchmark/benchmark/benchmark_v4/MSA_comparison/conservation_analysis/2353-9606_0_000b76/2353-9606_0_000b76.json,ena_motif_alignments/2353_RAPH1_HUMAN_9606_0:000b76,MEQLSDEEIDHGAEEDSDKEDQDLDKMFGAWLGELDKLTQSLDSDKPMEPVKRSPLRQETNMANFSYRFSIYNLNEALNQGETVDLDALMADLCSIEQELSSIGSGNSKRQITETKATQKLPVSRHTLKHGTLKGLSSSSNRIAKPSHASYSLDDVTAQLEQASLSMDEAAQQSVLEDTKPLVTNQHRRTASAGTVSDAEVHSISNSSHSSITSAASSMDSLDIDKVTRPQELDLTHQGQPITEEEQAAKLKAEKIRVALEKIKEAQVKKLVIRVHMSDDSSKTMMVDERQTVRQVLDNLMDKSHCGYSLDWSLVETVSELQMERIFEDHENLVENLLNWTRDSQNKLIFMERIEKYALFKNPQNYLLGKKETAEMADRNKEVLLEECFCGSSVTVPEIEGVLWLKDDGKKSWKKRYFLLRASGIYYVPKGKAKVSRDLVCFLQLDHVNVYYGQDYRNKYKAPTDYCLVLKHPQIQKKSQYIKYLCCDDVRTLHQWVNGIRIAKYGKQLYMNYQEALKRTESAYDWTSLSSSSIKSGSSSSSIPESQSNHSNQSDSGVSDTQPAGHVRSQSIVSSVFSEAWKRGTQLEESSKARMESMNRPYTSLVPPLSPQPKIVTPYTASQPSPPLPPPPPPPPPPPPPPPPPPPPLPSQSAPSAGSAAPMFVKYSTITRLQNASQHSGALFKPPTPPVMQSQSVKPQILVPPNGVVPPPPPPPPPPTPGSAMAQLKPAPCAPSLPQFSAPPPPLKIHQVQHITQVAPPTPPPPPPIPAPLPPQAPPKPLVTIPAPTSTKTVAPVVTQAAPPTPTPPVPPAKKQPAFPASYIPPSPPTPPVPVPPPTLPKQQSFCAKPPPSPLSPVPSVVKQIASQFPPPPTPPAMESQPLKPVPANVAPQSPPAVKAKPKWQPSSIPVPSPDFPPPPPESSLVFPPPPPSPVPAPPPPPPPTASPTPDKSGSPGKKTSKTSSPGGKKPPPTPQRNSSIKSSSGAEHPEPKRPSVDSLVSKFTPPAESGSPSKETLPPPAAPPKPGKLNLSGVNLPGVLQQGCVSAKAPVLSGRGKDSVVEFPSPPSDSDFPPPPPETELPLPPIEIPAVFSGNTSPKVAVVNPQPQQWSKMSVKKAPPPTRPKRNDSTRLTQAEISEQPTMATVVPQVPTSPKSSLSVQPGFLADLNRTLQRKSITRHGSLSSRMSRAEPTATMDDMALPPPPPELLSDQQKAGYGGSHISGYATLRRGPPPAPPKRDQNTKLSRDW,VPSPDFPPPPPESSL
298,2354,Homo sapiens,,,Q70E73,[FL]PPPP,FPPPP,9606_0:000b76,926,930,True,enah_LPPPP_FPPPP,RAPH1_HUMAN,,/home/jch/Documents/08-benchmark/benchmark/benchmark_v4/MSA_comparison/conservation_analysis/2354-9606_0_000b76/2354-9606_0_000b76.json,ena_motif_alignments/2354_RAPH1_HUMAN_9606_0:000b76,MEQLSDEEIDHGAEEDSDKEDQDLDKMFGAWLGELDKLTQSLDSDKPMEPVKRSPLRQETNMANFSYRFSIYNLNEALNQGETVDLDALMADLCSIEQELSSIGSGNSKRQITETKATQKLPVSRHTLKHGTLKGLSSSSNRIAKPSHASYSLDDVTAQLEQASLSMDEAAQQSVLEDTKPLVTNQHRRTASAGTVSDAEVHSISNSSHSSITSAASSMDSLDIDKVTRPQELDLTHQGQPITEEEQAAKLKAEKIRVALEKIKEAQVKKLVIRVHMSDDSSKTMMVDERQTVRQVLDNLMDKSHCGYSLDWSLVETVSELQMERIFEDHENLVENLLNWTRDSQNKLIFMERIEKYALFKNPQNYLLGKKETAEMADRNKEVLLEECFCGSSVTVPEIEGVLWLKDDGKKSWKKRYFLLRASGIYYVPKGKAKVSRDLVCFLQLDHVNVYYGQDYRNKYKAPTDYCLVLKHPQIQKKSQYIKYLCCDDVRTLHQWVNGIRIAKYGKQLYMNYQEALKRTESAYDWTSLSSSSIKSGSSSSSIPESQSNHSNQSDSGVSDTQPAGHVRSQSIVSSVFSEAWKRGTQLEESSKARMESMNRPYTSLVPPLSPQPKIVTPYTASQPSPPLPPPPPPPPPPPPPPPPPPPPLPSQSAPSAGSAAPMFVKYSTITRLQNASQHSGALFKPPTPPVMQSQSVKPQILVPPNGVVPPPPPPPPPPTPGSAMAQLKPAPCAPSLPQFSAPPPPLKIHQVQHITQVAPPTPPPPPPIPAPLPPQAPPKPLVTIPAPTSTKTVAPVVTQAAPPTPTPPVPPAKKQPAFPASYIPPSPPTPPVPVPPPTLPKQQSFCAKPPPSPLSPVPSVVKQIASQFPPPPTPPAMESQPLKPVPANVAPQSPPAVKAKPKWQPSSIPVPSPDFPPPPPESSLVFPPPPPSPVPAPPPPPPPTASPTPDKSGSPGKKTSKTSSPGGKKPPPTPQRNSSIKSSSGAEHPEPKRPSVDSLVSKFTPPAESGSPSKETLPPPAAPPKPGKLNLSGVNLPGVLQQGCVSAKAPVLSGRGKDSVVEFPSPPSDSDFPPPPPETELPLPPIEIPAVFSGNTSPKVAVVNPQPQQWSKMSVKKAPPPTRPKRNDSTRLTQAEISEQPTMATVVPQVPTSPKSSLSVQPGFLADLNRTLQRKSITRHGSLSSRMSRAEPTATMDDMALPPPPPELLSDQQKAGYGGSHISGYATLRRGPPPAPPKRDQNTKLSRDW,ESSLVFPPPPPSPVP
299,2355,Homo sapiens,,,Q70E73,[FL]PPPP,FPPPP,9606_0:000b76,1072,1076,True,enah_LPPPP_FPPPP,RAPH1_HUMAN,,/home/jch/Documents/08-benchmark/benchmark/benchmark_v4/MSA_comparison/conservation_analysis/2355-9606_0_000b76/2355-9606_0_000b76.json,ena_motif_alignments/2355_RAPH1_HUMAN_9606_0:000b76,MEQLSDEEIDHGAEEDSDKEDQDLDKMFGAWLGELDKLTQSLDSDKPMEPVKRSPLRQETNMANFSYRFSIYNLNEALNQGETVDLDALMADLCSIEQELSSIGSGNSKRQITETKATQKLPVSRHTLKHGTLKGLSSSSNRIAKPSHASYSLDDVTAQLEQASLSMDEAAQQSVLEDTKPLVTNQHRRTASAGTVSDAEVHSISNSSHSSITSAASSMDSLDIDKVTRPQELDLTHQGQPITEEEQAAKLKAEKIRVALEKIKEAQVKKLVIRVHMSDDSSKTMMVDERQTVRQVLDNLMDKSHCGYSLDWSLVETVSELQMERIFEDHENLVENLLNWTRDSQNKLIFMERIEKYALFKNPQNYLLGKKETAEMADRNKEVLLEECFCGSSVTVPEIEGVLWLKDDGKKSWKKRYFLLRASGIYYVPKGKAKVSRDLVCFLQLDHVNVYYGQDYRNKYKAPTDYCLVLKHPQIQKKSQYIKYLCCDDVRTLHQWVNGIRIAKYGKQLYMNYQEALKRTESAYDWTSLSSSSIKSGSSSSSIPESQSNHSNQSDSGVSDTQPAGHVRSQSIVSSVFSEAWKRGTQLEESSKARMESMNRPYTSLVPPLSPQPKIVTPYTASQPSPPLPPPPPPPPPPPPPPPPPPPPLPSQSAPSAGSAAPMFVKYSTITRLQNASQHSGALFKPPTPPVMQSQSVKPQILVPPNGVVPPPPPPPPPPTPGSAMAQLKPAPCAPSLPQFSAPPPPLKIHQVQHITQVAPPTPPPPPPIPAPLPPQAPPKPLVTIPAPTSTKTVAPVVTQAAPPTPTPPVPPAKKQPAFPASYIPPSPPTPPVPVPPPTLPKQQSFCAKPPPSPLSPVPSVVKQIASQFPPPPTPPAMESQPLKPVPANVAPQSPPAVKAKPKWQPSSIPVPSPDFPPPPPESSLVFPPPPPSPVPAPPPPPPPTASPTPDKSGSPGKKTSKTSSPGGKKPPPTPQRNSSIKSSSGAEHPEPKRPSVDSLVSKFTPPAESGSPSKETLPPPAAPPKPGKLNLSGVNLPGVLQQGCVSAKAPVLSGRGKDSVVEFPSPPSDSDFPPPPPETELPLPPIEIPAVFSGNTSPKVAVVNPQPQQWSKMSVKKAPPPTRPKRNDSTRLTQAEISEQPTMATVVPQVPTSPKSSLSVQPGFLADLNRTLQRKSITRHGSLSSRMSRAEPTATMDDMALPPPPPELLSDQQKAGYGGSHISGYATLRRGPPPAPPKRDQNTKLSRDW,PSDSDFPPPPPETEL
300,2356,Homo sapiens,,,Q70E73,[FL]PPPP,LPPPP,9606_0:000b76,1201,1205,True,enah_LPPPP_FPPPP,RAPH1_HUMAN,,/home/jch/Documents/08-benchmark/benchmark/benchmark_v4/MSA_comparison/conservation_analysis/2356-9606_0_000b76/2356-9606_0_000b76.json,ena_motif_alignments/2356_RAPH1_HUMAN_9606_0:000b76,MEQLSDEEIDHGAEEDSDKEDQDLDKMFGAWLGELDKLTQSLDSDKPMEPVKRSPLRQETNMANFSYRFSIYNLNEALNQGETVDLDALMADLCSIEQELSSIGSGNSKRQITETKATQKLPVSRHTLKHGTLKGLSSSSNRIAKPSHASYSLDDVTAQLEQASLSMDEAAQQSVLEDTKPLVTNQHRRTASAGTVSDAEVHSISNSSHSSITSAASSMDSLDIDKVTRPQELDLTHQGQPITEEEQAAKLKAEKIRVALEKIKEAQVKKLVIRVHMSDDSSKTMMVDERQTVRQVLDNLMDKSHCGYSLDWSLVETVSELQMERIFEDHENLVENLLNWTRDSQNKLIFMERIEKYALFKNPQNYLLGKKETAEMADRNKEVLLEECFCGSSVTVPEIEGVLWLKDDGKKSWKKRYFLLRASGIYYVPKGKAKVSRDLVCFLQLDHVNVYYGQDYRNKYKAPTDYCLVLKHPQIQKKSQYIKYLCCDDVRTLHQWVNGIRIAKYGKQLYMNYQEALKRTESAYDWTSLSSSSIKSGSSSSSIPESQSNHSNQSDSGVSDTQPAGHVRSQSIVSSVFSEAWKRGTQLEESSKARMESMNRPYTSLVPPLSPQPKIVTPYTASQPSPPLPPPPPPPPPPPPPPPPPPPPLPSQSAPSAGSAAPMFVKYSTITRLQNASQHSGALFKPPTPPVMQSQSVKPQILVPPNGVVPPPPPPPPPPTPGSAMAQLKPAPCAPSLPQFSAPPPPLKIHQVQHITQVAPPTPPPPPPIPAPLPPQAPPKPLVTIPAPTSTKTVAPVVTQAAPPTPTPPVPPAKKQPAFPASYIPPSPPTPPVPVPPPTLPKQQSFCAKPPPSPLSPVPSVVKQIASQFPPPPTPPAMESQPLKPVPANVAPQSPPAVKAKPKWQPSSIPVPSPDFPPPPPESSLVFPPPPPSPVPAPPPPPPPTASPTPDKSGSPGKKTSKTSSPGGKKPPPTPQRNSSIKSSSGAEHPEPKRPSVDSLVSKFTPPAESGSPSKETLPPPAAPPKPGKLNLSGVNLPGVLQQGCVSAKAPVLSGRGKDSVVEFPSPPSDSDFPPPPPETELPLPPIEIPAVFSGNTSPKVAVVNPQPQQWSKMSVKKAPPPTRPKRNDSTRLTQAEISEQPTMATVVPQVPTSPKSSLSVQPGFLADLNRTLQRKSITRHGSLSSRMSRAEPTATMDDMALPPPPPELLSDQQKAGYGGSHISGYATLRRGPPPAPPKRDQNTKLSRDW,MDDMALPPPPPELLS
301,2357,Homo sapiens,,,Q9Y6N7,[FL]PPPP,LPPPP,9606_0:000e6f,1185,1189,True,enah_LPPPP_FPPPP,ROBO1_HUMAN,,/home/jch/Documents/08-benchmark/benchmark/benchmark_v4/MSA_comparison/conservation_analysis/2357-9606_0_000e6f/2357-9606_0_000e6f.json,ena_motif_alignments/2357_ROBO1_HUMAN_9606_0:000e6f,MKWKHVPFLVMISLLSLSPNHLFLAQLIPDPEDVERGNDHGTPIPTSDNDDNSLGYTGSRLRQEDFPPRIVEHPSDLIVSKGEPATLNCKAEGRPTPTIEWYKGGERVETDKDDPRSHRMLLPSGSLFFLRIVHGRKSRPDEGVYVCVARNYLGEAVSHNASLEVAILRDDFRQNPSDVMVAVGEPAVMECQPPRGHPEPTISWKKDGSPLDDKDERITIRGGKLMITYTRKSDAGKYVCVGTNMVGERESEVAELTVLERPSFVKRPSNLAVTVDDSAEFKCEARGDPVPTVRWRKDDGELPKSRYEIRDDHTLKIRKVTAGDMGSYTCVAENMVGKAEASATLTVQEPPHFVVKPRDQVVALGRTVTFQCEATGNPQPAIFWRREGSQNLLFSYQPPQSSSRFSVSQTGDLTITNVQRSDVGYYICQTLNVAGSIITKAYLEVTDVIADRPPPVIRQGPVNQTVAVDGTFVLSCVATGSPVPTILWRKDGVLVSTQDSRIKQLENGVLQIRYAKLGDTGRYTCIASTPSGEATWSAYIEVQEFGVPVQPPRPTDPNLIPSAPSKPEVTDVSRNTVTLSWQPNLNSGATPTSYIIEAFSHASGSSWQTVAENVKTETSAIKGLKPNAIYLFLVRAANAYGISDPSQISDPVKTQDVLPTSQGVDHKQVQRELGNAVLHLHNPTVLSSSSIEVHWTVDQQSQYIQGYKILYRPSGANHGESDWLVFEVRTPAKNSVVIPDLRKGVNYEIKARPFFNEFQGADSEIKFAKTLEEAPSAPPQGVTVSKNDGNGTAILVSWQPPPEDTQNGMVQEYKVWCLGNETRYHINKTVDGSTFSVVIPFLVPGIRYSVEVAASTGAGSGVKSEPQFIQLDAHGNPVSPEDQVSLAQQISDVVKQPAFIAGIGAACWIILMVFSIWLYRHRKKRNGLTSTYAGIRKVPSFTFTPTVTYQRGGEAVSSGGRPGLLNISEPAAQPWLADTWPNTGNNHNDCSISCCTAGNGNSDSNLTTYSRPADCIANYNNQLDNKQTNLMLPESTVYGDVDLSNKINEMKTFNSPNLKDGRFVNPSGQPTPYATTQLIQSNLSNNMNNGSGDSGEKHWKPLGQQKQEVAPVQYNIVEQNKLNKDYRANDTVPPTIPYNQSYDQNTGGSYNSSDRGSSTSGSQGHKKGARTPKVPKQGGMNWADLLPPPPAHPPPHSNSEEYNISVDESYDQEMPCPVPPARMYLQQDELEEEEDERGPTPPVRGAASSPAAVSYSHQSTATLTPSPQEELQPMLQDCPEETGHMQHQPDRRRQPVSPPPPPRPISPPHTYGYISGPLVSDMDTDAPEEEEDEADMEVAKMQTRRLLLRGLEQTPASSVGDLESSVTGSMINGWGSASEEDNISSGRSSVSSSDGSFFTDADFAQAVAAAAEYAGLKVARRQMQDAAGRRHFHASQCPRPTSPVSTDSNMSAAVMQKTRPAKKLKHQPGHLRRETYTDDLPPPPVPPPAIKSPTAQSKTQLEVRPVVVPKLPSMDARTDRSSDRKGSSYKGREVLDGRQVVDMRTNPGDPREAQEQQNDGKGRGNKAAKRDLPPAKTHLIQEDILPYCRPTFPTSNNPRDPSSSSSMSSRGSGSRQREQANVGRRNIAEMQVLGGYERGEDNNEELEETES,NWADLLPPPPAHPPP
302,2358,Homo sapiens,,,Q9Y6N7,[FL]PPPP,LPPPP,9606_0:000e6f,1479,1483,True,enah_LPPPP_FPPPP,ROBO1_HUMAN,,/home/jch/Documents/08-benchmark/benchmark/benchmark_v4/MSA_comparison/conservation_analysis/2358-9606_0_000e6f/2358-9606_0_000e6f.json,ena_motif_alignments/2358_ROBO1_HUMAN_9606_0:000e6f,MKWKHVPFLVMISLLSLSPNHLFLAQLIPDPEDVERGNDHGTPIPTSDNDDNSLGYTGSRLRQEDFPPRIVEHPSDLIVSKGEPATLNCKAEGRPTPTIEWYKGGERVETDKDDPRSHRMLLPSGSLFFLRIVHGRKSRPDEGVYVCVARNYLGEAVSHNASLEVAILRDDFRQNPSDVMVAVGEPAVMECQPPRGHPEPTISWKKDGSPLDDKDERITIRGGKLMITYTRKSDAGKYVCVGTNMVGERESEVAELTVLERPSFVKRPSNLAVTVDDSAEFKCEARGDPVPTVRWRKDDGELPKSRYEIRDDHTLKIRKVTAGDMGSYTCVAENMVGKAEASATLTVQEPPHFVVKPRDQVVALGRTVTFQCEATGNPQPAIFWRREGSQNLLFSYQPPQSSSRFSVSQTGDLTITNVQRSDVGYYICQTLNVAGSIITKAYLEVTDVIADRPPPVIRQGPVNQTVAVDGTFVLSCVATGSPVPTILWRKDGVLVSTQDSRIKQLENGVLQIRYAKLGDTGRYTCIASTPSGEATWSAYIEVQEFGVPVQPPRPTDPNLIPSAPSKPEVTDVSRNTVTLSWQPNLNSGATPTSYIIEAFSHASGSSWQTVAENVKTETSAIKGLKPNAIYLFLVRAANAYGISDPSQISDPVKTQDVLPTSQGVDHKQVQRELGNAVLHLHNPTVLSSSSIEVHWTVDQQSQYIQGYKILYRPSGANHGESDWLVFEVRTPAKNSVVIPDLRKGVNYEIKARPFFNEFQGADSEIKFAKTLEEAPSAPPQGVTVSKNDGNGTAILVSWQPPPEDTQNGMVQEYKVWCLGNETRYHINKTVDGSTFSVVIPFLVPGIRYSVEVAASTGAGSGVKSEPQFIQLDAHGNPVSPEDQVSLAQQISDVVKQPAFIAGIGAACWIILMVFSIWLYRHRKKRNGLTSTYAGIRKVPSFTFTPTVTYQRGGEAVSSGGRPGLLNISEPAAQPWLADTWPNTGNNHNDCSISCCTAGNGNSDSNLTTYSRPADCIANYNNQLDNKQTNLMLPESTVYGDVDLSNKINEMKTFNSPNLKDGRFVNPSGQPTPYATTQLIQSNLSNNMNNGSGDSGEKHWKPLGQQKQEVAPVQYNIVEQNKLNKDYRANDTVPPTIPYNQSYDQNTGGSYNSSDRGSSTSGSQGHKKGARTPKVPKQGGMNWADLLPPPPAHPPPHSNSEEYNISVDESYDQEMPCPVPPARMYLQQDELEEEEDERGPTPPVRGAASSPAAVSYSHQSTATLTPSPQEELQPMLQDCPEETGHMQHQPDRRRQPVSPPPPPRPISPPHTYGYISGPLVSDMDTDAPEEEEDEADMEVAKMQTRRLLLRGLEQTPASSVGDLESSVTGSMINGWGSASEEDNISSGRSSVSSSDGSFFTDADFAQAVAAAAEYAGLKVARRQMQDAAGRRHFHASQCPRPTSPVSTDSNMSAAVMQKTRPAKKLKHQPGHLRRETYTDDLPPPPVPPPAIKSPTAQSKTQLEVRPVVVPKLPSMDARTDRSSDRKGSSYKGREVLDGRQVVDMRTNPGDPREAQEQQNDGKGRGNKAAKRDLPPAKTHLIQEDILPYCRPTFPTSNNPRDPSSSSSMSSRGSGSRQREQANVGRRNIAEMQVLGGYERGEDNNEELEETES,TYTDDLPPPPVPPPA
303,2359,Homo sapiens,,,O15357,[FL]PPPP,FPPPP,9606_0:002a4b,1052,1056,True,enah_LPPPP_FPPPP,SHIP2_HUMAN,,/home/jch/Documents/08-benchmark/benchmark/benchmark_v4/MSA_comparison/conservation_analysis/2359-9606_0_002a4b/2359-9606_0_002a4b.json,ena_motif_alignments/2359_SHIP2_HUMAN_9606_0:002a4b,MASACGAPGPGGALGSQAPSWYHRDLSRAAAEELLARAGRDGSFLVRDSESVAGAFALCVLYQKHVHTYRILPDGEDFLAVQTSQGVPVRRFQTLGELIGLYAQPNQGLVCALLLPVEGEREPDPPDDRDASDGEDEKPPLPPRSGSTSISAPTGPSSPLPAPETPTAPAAESAPNGLSTVSHDYLKGSYGLDLEAVRGGASHLPHLTRTLATSCRRLHSEVDKVLSGLEILSKVFDQQSSPMVTRLLQQQNLPQTGEQELESLVLKLSVLKDFLSGIQKKALKALQDMSSTAPPAPQPSTRKAKTIPVQAFEVKLDVTLGDLTKIGKSQKFTLSVDVEGGRLVLLRRQRDSQEDWTTFTHDRIRQLIKSQRVQNKLGVVFEKEKDRTQRKDFIFVSARKREAFCQLLQLMKNKHSKQDEPDMISVFIGTWNMGSVPPPKNVTSWFTSKGLGKTLDEVTVTIPHDIYVFGTQENSVGDREWLDLLRGGLKELTDLDYRPIAMQSLWNIKVAVLVKPEHENRISHVSTSSVKTGIANTLGNKGAVGVSFMFNGTSFGFVNCHLTSGNEKTARRNQNYLDILRLLSLGDRQLNAFDISLRFTHLFWFGDLNYRLDMDIQEILNYISRKEFEPLLRVDQLNLEREKHKVFLRFSEEEISFPPTYRYERGSRDTYAWHKQKPTGVRTNVPSWCDRILWKSYPETHIICNSYGCTDDIVTSDHSPVFGTFEVGVTSQFISKKGLSKTSDQAYIEFESIEAIVKTASRTKFFIEFYSTCLEEYKKSFENDAQSSDNINFLKVQWSSRQLPTLKPILADIEYLQDQHLLLTVKSMDGYESYGECVVALKSMIGSTAQQFLTFLSHRGEETGNIRGSMKVRVPTERLGTRERLYEWISIDKDEAGAKSKAPSVSRGSQEPRSGSRKPAFTEASCPLSRLFEEPEKPPPTGRPPAPPRAAPREEPLTPRLKPEGAPEPEGVAAPPPKNSFNNPAYYVLEGVPHQLLPPEPPSPARAPVPSATKNKVAITVPAPQLGHHRHPRVGEGSSSDEESGGTLPPPDFPPPPLPDSAIFLPPSLDPLPGPVVRGRGGAEARGPPPPKAHPRPPLPPGPSPASTFLGEVASGDDRSCSVLQMAKTLSEVDYAPAGPARSALLPGPLELQPPRGLPSDYGRPLSFPPPRIRESIQEDLAEEAPCLQGGRASGLGEAGMSAWLRAIGLERYEEGLVHNGWDDLEFLSDITEEDLEEAGVQDPAHKRLLLDTLQLSK,LPPPDFPPPPLPDSA
304,2360,Homo sapiens,,,Q8TF72,[FL]PPPP,LPPPP,9606_0:0012c3,1525,1529,True,enah_LPPPP_FPPPP,SHRM3_HUMAN,,/home/jch/Documents/08-benchmark/benchmark/benchmark_v4/MSA_comparison/conservation_analysis/2360-9606_0_0012c3/2360-9606_0_0012c3.json,ena_motif_alignments/2360_SHRM3_HUMAN_9606_0:0012c3,MMRTTEDFHKPSATLNSNTATKGRYIYLEAFLEGGAPWGFTLKGGLEHGEPLIISKVEEGGKADTLSSKLQAGDEVVHINEVTLSSSRKEAVSLVKGSYKTLRLVVRRDVCTDPGHADTGASNFVSPEHLTSGPQHRKAAWSGGVKLRLKHRRSEPAGRPHSWHTTKSGEKQPDASMMQISQGMIGPPWHQSYHSSSSTSDLSNYDHAYLRRSPDQCSSQGSMESLEPSGAYPPCHLSPAKSTGSIDQLSHFHNKRDSAYSSFSTSSSILEYPHPGISGRERSGSMDNTSARGGLLEGMRQADIRYVKTVYDTRRGVSAEYEVNSSALLLQGREARASANGQGYDKWSNIPRGKGVPPPSWSQQCPSSLETATDNLPPKVGAPLPPARSDSYAAFRHRERPSSWSSLDQKRLCRPQANSLGSLKSPFIEEQLHTVLEKSPENSPPVKPKHNYTQKAQPGQPLLPTSIYPVPSLEPHFAQVPQPSVSSNGMLYPALAKESGYIAPQGACNKMATIDENGNQNGSGRPGFAFCQPLEHDLLSPVEKKPEATAKYVPSKVHFCSVPENEEDASLKRHLTPPQGNSPHSNERKSTHSNKPSSHPHSLKCPQAQAWQAGEDKRSSRLSEPWEGDFQEDHNANLWRRLEREGLGQSLSGNFGKTKSAFSSLQNIPESLRRHSSLELGRGTQEGYPGGRPTCAVNTKAEDPGRKAAPDLGSHLDRQVSYPRPEGRTGASASFNSTDPSPEEPPAPSHPHTSSLGRRGPGPGSASALQGFQYGKPHCSVLEKVSKFEQREQGSQRPSVGGSGFGHNYRPHRTVSTSSTSGNDFEETKAHIRFSESAEPLGNGEQHFKNGELKLEEASRQPCGQQLSGGASDSGRGPQRPDARLLRSQSTFQLSSEPEREPEWRDRPGSPESPLLDAPFSRAYRNSIKDAQSRVLGATSFRRRDLELGAPVASRSWRPRPSSAHVGLRSPEASASASPHTPRERHSVTPAEGDLARPVPPAARRGARRRLTPEQKKRSYSEPEKMNEVGIVEEAEPAPLGPQRNGMRFPESSVADRRRLFERDGKACSTLSLSGPELKQFQQSALADYIQRKTGKRPTSAAGCSLQEPGPLRERAQSAYLQPGPAALEGSGLASASSLSSLREPSLQPRREATLLPATVAETQQAPRDRSSSFAGGRRLGERRRGDLLSGANGGTRGTQRGDETPREPSSWGARAGKSMSAEDLLERSDVLAGPVHVRSRSSPATADKRQDVLLGQDSGFGLVKDPCYLAGPGSRSLSCSERGQEEMLPLFHHLTPRWGGSGCKAIGDSSVPSECPGTLDHQRQASRTPCPRPPLAGTQGLVTDTRAAPLTPIGTPLPSAIPSGYCSQDGQTGRQPLPPYTPAMMHRSNGHTLTQPPGPRGCEGDGPEHGVEEGTRKRVSLPQWPPPSRAKWAHAAREDSLPEESSAPDFANLKHYQKQQSLPSLCSTSDPDTPLGAPSTPGRISLRISESVLRDSPPPHEDYEDEVFVRDPHPKATSSPTFEPLPPPPPPPPSQETPVYSMDDFPPPPPHTVCEAQLDSEDPEGPRPSFNKLSKVTIARERHMPGAAHVVGSQTLASRLQTSIKGSEAESTPPSFMSVHAQLAGSLGGQPAPIQTQSLSHDPVSGTQGLEKKVSPDPQKSSEDIRTEALAKEIVHQDKSLADILDPDSRLKTTMDLMEGLFPRDVNLLKENSVKRKAIQRTVSSSGCEGKRNEDKEAVSMLVNCPAYYSVSAPKAELLNKIKEMPAEVNEEEEQADVNEKKAELIGSLTHKLETLQEAKGSLLTDIKLNNALGEEVEALISELCKPNEFDKYRMFIGDLDKVVNLLLSLSGRLARVENVLSGLGEDASNEERSSLYEKRKILAGQHEDARELKENLDRRERVVLGILANYLSEEQLQDYQHFVKMKSTLLIEQRKLDDKIKLGQEQVKCLLESLPSDFIPKAGALALPPNLTSEPIPAGGCTFSGIFPTLTSPL,PTFEPLPPPPPPPPS
305,2361,Homo sapiens,,,Q8TF72,[FL]PPPP,FPPPP,9606_0:0012c3,1545,1549,True,enah_LPPPP_FPPPP,SHRM3_HUMAN,,/home/jch/Documents/08-benchmark/benchmark/benchmark_v4/MSA_comparison/conservation_analysis/2361-9606_0_0012c3/2361-9606_0_0012c3.json,ena_motif_alignments/2361_SHRM3_HUMAN_9606_0:0012c3,MMRTTEDFHKPSATLNSNTATKGRYIYLEAFLEGGAPWGFTLKGGLEHGEPLIISKVEEGGKADTLSSKLQAGDEVVHINEVTLSSSRKEAVSLVKGSYKTLRLVVRRDVCTDPGHADTGASNFVSPEHLTSGPQHRKAAWSGGVKLRLKHRRSEPAGRPHSWHTTKSGEKQPDASMMQISQGMIGPPWHQSYHSSSSTSDLSNYDHAYLRRSPDQCSSQGSMESLEPSGAYPPCHLSPAKSTGSIDQLSHFHNKRDSAYSSFSTSSSILEYPHPGISGRERSGSMDNTSARGGLLEGMRQADIRYVKTVYDTRRGVSAEYEVNSSALLLQGREARASANGQGYDKWSNIPRGKGVPPPSWSQQCPSSLETATDNLPPKVGAPLPPARSDSYAAFRHRERPSSWSSLDQKRLCRPQANSLGSLKSPFIEEQLHTVLEKSPENSPPVKPKHNYTQKAQPGQPLLPTSIYPVPSLEPHFAQVPQPSVSSNGMLYPALAKESGYIAPQGACNKMATIDENGNQNGSGRPGFAFCQPLEHDLLSPVEKKPEATAKYVPSKVHFCSVPENEEDASLKRHLTPPQGNSPHSNERKSTHSNKPSSHPHSLKCPQAQAWQAGEDKRSSRLSEPWEGDFQEDHNANLWRRLEREGLGQSLSGNFGKTKSAFSSLQNIPESLRRHSSLELGRGTQEGYPGGRPTCAVNTKAEDPGRKAAPDLGSHLDRQVSYPRPEGRTGASASFNSTDPSPEEPPAPSHPHTSSLGRRGPGPGSASALQGFQYGKPHCSVLEKVSKFEQREQGSQRPSVGGSGFGHNYRPHRTVSTSSTSGNDFEETKAHIRFSESAEPLGNGEQHFKNGELKLEEASRQPCGQQLSGGASDSGRGPQRPDARLLRSQSTFQLSSEPEREPEWRDRPGSPESPLLDAPFSRAYRNSIKDAQSRVLGATSFRRRDLELGAPVASRSWRPRPSSAHVGLRSPEASASASPHTPRERHSVTPAEGDLARPVPPAARRGARRRLTPEQKKRSYSEPEKMNEVGIVEEAEPAPLGPQRNGMRFPESSVADRRRLFERDGKACSTLSLSGPELKQFQQSALADYIQRKTGKRPTSAAGCSLQEPGPLRERAQSAYLQPGPAALEGSGLASASSLSSLREPSLQPRREATLLPATVAETQQAPRDRSSSFAGGRRLGERRRGDLLSGANGGTRGTQRGDETPREPSSWGARAGKSMSAEDLLERSDVLAGPVHVRSRSSPATADKRQDVLLGQDSGFGLVKDPCYLAGPGSRSLSCSERGQEEMLPLFHHLTPRWGGSGCKAIGDSSVPSECPGTLDHQRQASRTPCPRPPLAGTQGLVTDTRAAPLTPIGTPLPSAIPSGYCSQDGQTGRQPLPPYTPAMMHRSNGHTLTQPPGPRGCEGDGPEHGVEEGTRKRVSLPQWPPPSRAKWAHAAREDSLPEESSAPDFANLKHYQKQQSLPSLCSTSDPDTPLGAPSTPGRISLRISESVLRDSPPPHEDYEDEVFVRDPHPKATSSPTFEPLPPPPPPPPSQETPVYSMDDFPPPPPHTVCEAQLDSEDPEGPRPSFNKLSKVTIARERHMPGAAHVVGSQTLASRLQTSIKGSEAESTPPSFMSVHAQLAGSLGGQPAPIQTQSLSHDPVSGTQGLEKKVSPDPQKSSEDIRTEALAKEIVHQDKSLADILDPDSRLKTTMDLMEGLFPRDVNLLKENSVKRKAIQRTVSSSGCEGKRNEDKEAVSMLVNCPAYYSVSAPKAELLNKIKEMPAEVNEEEEQADVNEKKAELIGSLTHKLETLQEAKGSLLTDIKLNNALGEEVEALISELCKPNEFDKYRMFIGDLDKVVNLLLSLSGRLARVENVLSGLGEDASNEERSSLYEKRKILAGQHEDARELKENLDRRERVVLGILANYLSEEQLQDYQHFVKMKSTLLIEQRKLDDKIKLGQEQVKCLLESLPSDFIPKAGALALPPNLTSEPIPAGGCTFSGIFPTLTSPL,YSMDDFPPPPPHTVC
306,2362,Homo sapiens,,,P18206,[FL]PPPP,FPPPP,9606_0:002935,841,845,True,enah_LPPPP_FPPPP,VINC_HUMAN,,/home/jch/Documents/08-benchmark/benchmark/benchmark_v4/MSA_comparison/conservation_analysis/2362-9606_0_002935/2362-9606_0_002935.json,ena_motif_alignments/2362_VINC_HUMAN_9606_0:002935,MPVFHTRTIESILEPVAQQISHLVIMHEEGEVDGKAIPDLTAPVAAVQAAVSNLVRVGKETVQTTEDQILKRDMPPAFIKVENACTKLVQAAQMLQSDPYSVPARDYLIDGSRGILSGTSDLLLTFDEAEVRKIIRVCKGILEYLTVAEVVETMEDLVTYTKNLGPGMTKMAKMIDERQQELTHQEHRVMLVNSMNTVKELLPVLISAMKIFVTTKNSKNQGIEEALKNRNFTVEKMSAEINEIIRVLQLTSWDEDAWASKDTEAMKRALASIDSKLNQAKGWLRDPSASPGDAGEQAIRQILDEAGKVGELCAGKERREILGTCKMLGQMTDQVADLRARGQGSSPVAMQKAQQVSQGLDVLTAKVENAARKLEAMTNSKQSIAKKIDAAQNWLADPNGGPEGEEQIRGALAEARKIAELCDDPKERDDILRSLGEISALTSKLADLRRQGKGDSPEARALAKQVATALQNLQTKTNRAVANSRPAKAAVHLEGKIEQAQRWIDNPTVDDRGVGQAAIRGLVAEGHRLANVMMGPYRQDLLAKCDRVDQLTAQLADLAARGEGESPQARALASQLQDSLKDLKARMQEAMTQEVSDVFSDTTTPIKLLAVAATAPPDAPNREEVFDERAANFENHSGKLGATAEKAAAVGTANKSTVEGIQASVKTARELTPQVVSAARILLRNPGNQAAYEHFETMKNQWIDNVEKMTGLVDEAIDTKSLLDASEEAIKKDLDKCKVAMANIQPQMLVAGATSIARRANRILLVAKREVENSEDPKFREAVKAASDELSKTISPMVMDAKAVAGNISDPGLQKSFLDSGYRILGAVAKVREAFQPQEPDFPPPPPDLEQLRLTDELAPPKPPLPEGEVPPPRPPPPEEKDEEFPEQKAGEVINQPMMMAARQLHDEARKWSSKPGIPAAEVGIGVVAEADAADAAGFPVPPDMEDDYEPELLLMPSNQPVNQPILAAAQSLHREATKWSSKGNDIIAAAKRMALLMAEMSRLVRGGSGTKRALIQCAKDIAKASDEVTRLAKEVAKQCTDKRIRTNLLQVCERIPTISTQLKILSTVKATMLGRTNISDEESEQATEMLVHNAQNLMQSVKETVREAEAASIKIRTDAGFTLRWVRKTPWYQ,PQEPDFPPPPPDLEQ
307,2363,Homo sapiens,,,Q702N8,[FL]PPPP,LPPPP,9606_0:000f47,23,27,True,enah_LPPPP_FPPPP,XIRP1_HUMAN,,/home/jch/Documents/08-benchmark/benchmark/benchmark_v4/MSA_comparison/conservation_analysis/2363-9606_0_000f47/2363-9606_0_000f47.json,ena_motif_alignments/2363_XIRP1_HUMAN_9606_0:000f47,MADTQTQVAPTPTMRMATAEDLPLPPPPALEDLPLPPPKESFSKFHQQRQASELRRLYRHIHPELRKNLAEAVAEDLAEVLGSEEPTEGDVQCMRWIFENWRLDAIGEHERPAAKEPVLCGDVQATSRKFEEGSFANSTDQEPTRPQPGGGDVRAARWLFETKPLDELTGQAKELEATVREPAASGDVQGTRMLFETRPLDRLGSRPSLQEQSPLELRSEIQELKGDVKKTVKLFQTEPLCAIQDAEGAIHEVKAACREEIQSNAVRSARWLFETRPLDAINQDPSQVRVIRGISLEEGARPDVSATRWIFETQPLDAIREILVDEKDFQPSPDLIPPGPDVQQQQHLFETRALDTLKGDEEAGAEAPPKEEVVPGDVRSTLWLFETKPLDAFRDKVQVGHLQRVDPQDGEGHLSSDSSSALPFSQSAPQRDELKGDVKTFKNLFETLPLDSIGQGEVLAHGSPSREEGTDSAGQAQGIGSPVYAMQDSKGRLHALTSVSREQIVGGDVQGYRWMFETQPLDQLGRSPSTIDVVRGITRQEVVAGDVGTARWLFETQPLEMIHQREQQERQKEEGKSQGDPQPEAPPKGDVQTIRWLFETCPMSELAEKQGSEVTDPTAKAEAQSCTWMFKPQPVDRPVGSREQHLQVSQVPAGERQTDRHVFETEPLQASGRPCGRRPVRYCSRVEIPSGQVSRQKEVFQALEAGKKEEQEPRVIAGSIPAGSVHKFTWLFENCPMGSLAAESIQGGNLLEEQPMSPSGNRMQESQETAAEGTLRTLHATPGILHHGGILMEARGPGELCLAKYVLSGTGQGHPYIRKEELVSGELPRIICQVLRRPDVDQQGLLVQEDPTGQLQLKPLRLPTPGSSGNIEDMDPELQQLLACGLGTSVARTGLVMQETEQGLVALTAYSLQPRLTSKASERSSVQLLASCIDKGDLSGLHSLRWEPPADPSPVPASEGAQSLHPTESIIHVPPLDPSMGMGHLRASGATPCPPQAIGKAVPLAGEAAAPAQLQNTEKQEDSHSGQKGMAVLGKSEGATTTPPGPGAPDLLAAMQSLRMATAEAQSLHQQVLNKHKQGPTPTATSNPIQDGLRKAGATQSNIRPGGGSDPRIPAAPRKVSREEQALPRGLPGGWVTIQDGIYTAHPVRTFDPPGGVQLSQREPQSRHRETALSVQAPRPLQGGPGQSTGPGREEPGGCTQMAWGPPGKAMAEVCPGGLQAAETTLKTAPLGRHILASGPQAAGASPHPHNAFVPPPPTLPAAVTGPDFPAGAHRAEDSIQQASEPLKDPLLHSHSSPAGQRTPGGSQTKTPKLDPTMPPKKKPQLPPKPAHLTQSHPPQRLPKPLPLSPSFSSEVGQREHQRGERDTAIPQPAKVPTTVDQGHIPLARCPSGHSQPSLQHGLSTTAPRPTKNQATGSNAQSSEPPKLNALNHDPTSPQWGPGPSGEQPMEGSHQGAPESPDSLQRNQKELQGLLNQVQALEKEAASSVDVQALRRLFEAVPQLGGAAPQAPAAHQKPEASVEQAFGELTRVSTEVAQLKEQTLARLLDIEEAVHKALSSMSSLQPEASARGHFQGPPKDHSAHKISVTVSSSARPSGSGQEVGGQTAVKNQAKVECHTEAQSQVKIRNHTEARGHTASTAPSTRRQETSREYLCPPRVLPSSRDSPSSPTFISIQSATRKPLETPSFKGNPDVSVKSTQLAQDIGQALLHQKGVQDKTGKKDITQCSVQPEPAPPSASPLPRGWQKSVLELQTGPGSSQHYGAMRTVTEQYEEVDQFGNTVLMSSTTVTEQAEPPRNPGSHLGLHASPLLRQFLHSPAGFSSDLTEAETVQVSCSYSQPAAQ,AEDLPLPPPPALEDL
308,2364,Homo sapiens,,,Q15942,[FL]PPPP,LPPPP,9606_0:001d2c,72,76,True,enah_LPPPP_FPPPP,ZYX_HUMAN,,/home/jch/Documents/08-benchmark/benchmark/benchmark_v4/MSA_comparison/conservation_analysis/2364-9606_0_001d2c/2364-9606_0_001d2c.json,ena_motif_alignments/2364_ZYX_HUMAN_9606_0:001d2c,MAAPRPSPAISVSVSAPAFYAPQKKFGPVVAPKPKVNPFRPGDSEPPPAPGAQRAQMGRVGEIPPPPPEDFPLPPPPLAGDGDDAEGALGGAFPPPPPPIEESFPPAPLEEEIFPSPPPPPEEEGGPEAPIPPPPQPREKVSSIDLEIDSLSSLLDDMTKNDPFKARVSSGYVPPPVATPFSSKSSTKPAAGGTAPLPPWKSPSSSQPLPQVPAPAQSQTQFHVQPQPQPKPQVQLHVQSQTQPVSLANTQPRGPPASSPAPAPKFSPVTPKFTPVASKFSPGAPGGSGSQPNQKLGHPEALSAGTGSPQPPSFTYAQQREKPRVQEKQHPVPPPAQNQNQVRSPGAPGPLTLKEVEELEQLTQQLMQDMEHPQRQNVAVNELCGRCHQPLARAQPAVRALGQLFHIACFTCHQCAQQLQGQQFYSLEGAPYCEGCYTDTLEKCNTCGEPITDRMLRATGKAYHPHCFTCVVCARPLEGTSFIVDQANRPHCVPDYHKQYAPRCSVCSEPIMPEPGRDETVRVVALDKNFHMKCYKCEDCGKPLSIEADDNGCFPLDGHVLCRKCHTARAQT,PEDFPLPPPPLAGDG
309,2365,Homo sapiens,,,Q15942,[FL]PPPP,FPPPP,9606_0:001d2c,92,96,True,enah_LPPPP_FPPPP,ZYX_HUMAN,,/home/jch/Documents/08-benchmark/benchmark/benchmark_v4/MSA_comparison/conservation_analysis/2365-9606_0_001d2c/2365-9606_0_001d2c.json,ena_motif_alignments/2365_ZYX_HUMAN_9606_0:001d2c,MAAPRPSPAISVSVSAPAFYAPQKKFGPVVAPKPKVNPFRPGDSEPPPAPGAQRAQMGRVGEIPPPPPEDFPLPPPPLAGDGDDAEGALGGAFPPPPPPIEESFPPAPLEEEIFPSPPPPPEEEGGPEAPIPPPPQPREKVSSIDLEIDSLSSLLDDMTKNDPFKARVSSGYVPPPVATPFSSKSSTKPAAGGTAPLPPWKSPSSSQPLPQVPAPAQSQTQFHVQPQPQPKPQVQLHVQSQTQPVSLANTQPRGPPASSPAPAPKFSPVTPKFTPVASKFSPGAPGGSGSQPNQKLGHPEALSAGTGSPQPPSFTYAQQREKPRVQEKQHPVPPPAQNQNQVRSPGAPGPLTLKEVEELEQLTQQLMQDMEHPQRQNVAVNELCGRCHQPLARAQPAVRALGQLFHIACFTCHQCAQQLQGQQFYSLEGAPYCEGCYTDTLEKCNTCGEPITDRMLRATGKAYHPHCFTCVVCARPLEGTSFIVDQANRPHCVPDYHKQYAPRCSVCSEPIMPEPGRDETVRVVALDKNFHMKCYKCEDCGKPLSIEADDNGCFPLDGHVLCRKCHTARAQT,ALGGAFPPPPPPIEE
